,mean_fit_time,std_fit_time,mean_score_time,std_score_time,param_NN__alpha,param_NN__hidden_layer_sizes,param_km__n_clusters,params,split0_test_score,split1_test_score,split2_test_score,split3_test_score,split4_test_score,mean_test_score,std_test_score,rank_test_score,split0_train_score,split1_train_score,split2_train_score,split3_train_score,split4_train_score,mean_train_score,std_train_score
0,0.10271358489990234,0.02500559225472223,0.0013110637664794922,0.0004144302541594502,0.1,"(50, 50)",2,"{'NN__alpha': 0.1, 'NN__hidden_layer_sizes': (50, 50), 'km__n_clusters': 2}",0.5000000000000002,0.5,0.5,0.5,0.5000000000000002,0.5,1.4043333874306804e-16,33,0.5,0.4999999999999999,0.5,0.5,0.5,0.5,4.965068306494546e-17
1,0.10775084495544433,0.015992426631531945,0.0011119365692138672,7.87684471321113e-05,0.1,"(50, 50)",3,"{'NN__alpha': 0.1, 'NN__hidden_layer_sizes': (50, 50), 'km__n_clusters': 3}",0.5000000000000002,0.5,0.5,0.5,0.5000000000000002,0.5,1.4043333874306804e-16,33,0.5,0.4999999999999999,0.5,0.5,0.5,0.5,4.965068306494546e-17
2,0.10045905113220215,0.0035145620838456905,0.0010899543762207032,3.651234005482646e-05,0.1,"(50, 50)",4,"{'NN__alpha': 0.1, 'NN__hidden_layer_sizes': (50, 50), 'km__n_clusters': 4}",0.5000000000000002,0.5,0.5,0.5,0.5000000000000002,0.5,1.4043333874306804e-16,33,0.5,0.4999999999999999,0.5,0.5,0.5,0.5,4.965068306494546e-17
3,0.10664381980895996,0.009912954754128052,0.0010681629180908203,6.218300265775707e-05,0.1,"(50, 50)",5,"{'NN__alpha': 0.1, 'NN__hidden_layer_sizes': (50, 50), 'km__n_clusters': 5}",0.5000000000000002,0.5,0.5,0.5,0.5000000000000002,0.5,1.4043333874306804e-16,33,0.5,0.4999999999999999,0.5,0.5,0.5,0.5,4.965068306494546e-17
4,0.11883010864257812,0.010627095340256701,0.0011385440826416015,0.00015612325787638115,0.1,"(50, 50)",6,"{'NN__alpha': 0.1, 'NN__hidden_layer_sizes': (50, 50), 'km__n_clusters': 6}",0.5000000000000002,0.5,0.5,0.5,0.5000000000000002,0.5,1.4043333874306804e-16,33,0.5,0.4999999999999999,0.5,0.5,0.5,0.5,4.965068306494546e-17
5,0.12677927017211915,0.004744866204430891,0.0012725353240966796,0.00017648513027821797,0.1,"(50, 50)",7,"{'NN__alpha': 0.1, 'NN__hidden_layer_sizes': (50, 50), 'km__n_clusters': 7}",0.5000000000000002,0.5,0.5,0.5,0.5000000000000002,0.5,1.4043333874306804e-16,33,0.5,0.4999999999999999,0.5,0.5,0.5,0.5,4.965068306494546e-17
6,0.13274822235107422,0.009792755525675979,0.0015532016754150391,0.00014502283914462786,0.1,"(50, 50)",8,"{'NN__alpha': 0.1, 'NN__hidden_layer_sizes': (50, 50), 'km__n_clusters': 8}",0.5000000000000002,0.5,0.5,0.5,0.5000000000000002,0.5,1.4043333874306804e-16,33,0.5,0.4999999999999999,0.5,0.5,0.5,0.5,4.965068306494546e-17
7,0.1428393840789795,0.007584409372049476,0.001224184036254883,0.00019197517286928783,0.1,"(50, 50)",9,"{'NN__alpha': 0.1, 'NN__hidden_layer_sizes': (50, 50), 'km__n_clusters': 9}",0.4999999999999999,0.5,0.5,0.5,0.4791666666666668,0.49588888888888893,0.008291375855685587,264,0.5,0.5069597069597069,0.5,0.5,0.4948979591836734,0.500371533228676,0.003841305943462545
8,0.16735153198242186,0.0145361876724392,0.0018205642700195312,0.0006541065403049468,0.1,"(50, 50)",10,"{'NN__alpha': 0.1, 'NN__hidden_layer_sizes': (50, 50), 'km__n_clusters': 10}",0.4841269841269842,0.5,0.5,0.5,0.5000000000000002,0.49678306878306877,0.006380733015436621,256,0.44038461538461543,0.4999999999999999,0.5,0.5,0.5,0.488076923076923,0.023846153846153816
9,0.15603957176208497,0.004036481019861893,0.0016738414764404298,0.0006473384431266709,0.1,"(50, 50)",15,"{'NN__alpha': 0.1, 'NN__hidden_layer_sizes': (50, 50), 'km__n_clusters': 15}",0.5000000000000002,0.5,0.5,0.5,0.5000000000000002,0.5,1.4043333874306804e-16,33,0.5,0.4999999999999999,0.5,0.5,0.5,0.5,4.965068306494546e-17
10,0.18353981971740724,0.0057031077098585615,0.0011410236358642579,0.0001450830946793481,0.1,"(50, 50)",20,"{'NN__alpha': 0.1, 'NN__hidden_layer_sizes': (50, 50), 'km__n_clusters': 20}",0.5000000000000002,0.5,0.5,0.5,0.4791666666666668,0.49588888888888893,0.00829137585568562,264,0.5,0.4999999999999999,0.5,0.5,0.4923469387755102,0.498469387755102,0.0030612244897958996
11,0.20105209350585937,0.0063930935402748456,0.001373434066772461,0.0003456077959683827,0.1,"(50, 50)",25,"{'NN__alpha': 0.1, 'NN__hidden_layer_sizes': (50, 50), 'km__n_clusters': 25}",0.5000000000000002,0.5,0.5667189952904238,0.5,0.5000000000000002,0.5133437990580848,0.026687598116169477,13,0.5,0.4999999999999999,0.536996336996337,0.5,0.5,0.5073992673992673,0.014798534798534801
12,0.22593793869018555,0.0067670261509139885,0.0011939048767089845,0.00011815218478472321,0.1,"(50, 50)",30,"{'NN__alpha': 0.1, 'NN__hidden_layer_sizes': (50, 50), 'km__n_clusters': 30}",0.5000000000000002,0.5,0.5,0.5,0.5000000000000002,0.5,1.4043333874306804e-16,33,0.5,0.4999999999999999,0.5,0.5,0.5,0.5,4.965068306494546e-17
13,0.2872532844543457,0.012466860780940272,0.0013432025909423829,0.00024779513576736055,0.1,"(50, 50)",35,"{'NN__alpha': 0.1, 'NN__hidden_layer_sizes': (50, 50), 'km__n_clusters': 35}",0.4999999999999999,0.5,0.48979591836734687,0.4839089481946625,0.48958333333333337,0.4926854177568463,0.006365372705408404,277,0.4951923076923077,0.4999999999999999,0.5,0.5315018315018315,0.4897959183673469,0.5032980115122971,0.014596014357247326
14,0.0787968635559082,0.00653654669098832,0.001276540756225586,0.00041625183931163676,0.1,"(50,)",2,"{'NN__alpha': 0.1, 'NN__hidden_layer_sizes': (50,), 'km__n_clusters': 2}",0.4999999999999999,0.5,0.5,0.5,0.5000000000000001,0.5,7.021666937153402e-17,33,0.5,0.4999999999999999,0.5,0.5,0.4999999999999999,0.5,7.021666937153402e-17
15,0.0870851993560791,0.005399709227056456,0.0009870052337646485,2.3666403817782104e-05,0.1,"(50,)",3,"{'NN__alpha': 0.1, 'NN__hidden_layer_sizes': (50,), 'km__n_clusters': 3}",0.4999999999999999,0.5,0.5,0.5,0.5000000000000001,0.5,7.021666937153402e-17,33,0.5,0.4999999999999999,0.5,0.5,0.4999999999999999,0.5,7.021666937153402e-17
16,0.08955926895141601,0.005587969799749961,0.0011357784271240235,0.00018067015727417403,0.1,"(50,)",4,"{'NN__alpha': 0.1, 'NN__hidden_layer_sizes': (50,), 'km__n_clusters': 4}",0.5000000000000002,0.5,0.5,0.5,0.5000000000000002,0.5,1.4043333874306804e-16,33,0.5,0.4999999999999999,0.5,0.5,0.5,0.5,4.965068306494546e-17
17,0.09348273277282715,0.008794556619488626,0.0012981891632080078,0.00026317752535492945,0.1,"(50,)",5,"{'NN__alpha': 0.1, 'NN__hidden_layer_sizes': (50,), 'km__n_clusters': 5}",0.5000000000000002,0.5,0.5,0.5,0.5000000000000002,0.5,1.4043333874306804e-16,33,0.5,0.4999999999999999,0.5,0.5,0.5,0.5,4.965068306494546e-17
18,0.12832484245300294,0.014343406830437867,0.0013476848602294923,0.00027284602192215055,0.1,"(50,)",6,"{'NN__alpha': 0.1, 'NN__hidden_layer_sizes': (50,), 'km__n_clusters': 6}",0.5000000000000002,0.5,0.498822605965463,0.467032967032967,0.5000000000000002,0.493171114599686,0.013077026728648241,276,0.5,0.4999999999999999,0.5043956043956045,0.4915750915750916,0.5047619047619047,0.5001465201465202,0.004751185455557794
19,0.1205103874206543,0.006017029843742109,0.0011260032653808594,0.00019113209606121188,0.1,"(50,)",7,"{'NN__alpha': 0.1, 'NN__hidden_layer_sizes': (50,), 'km__n_clusters': 7}",0.5000000000000002,0.5,0.5090266875981161,0.5,0.5000000000000002,0.5018053375196233,0.0036106750392463915,29,0.5,0.4999999999999999,0.5018315018315019,0.5021978021978022,0.5022108843537415,0.5012480376766091,0.0010280810156693704
20,0.11000771522521972,0.008668048995010193,0.0010981559753417969,0.00016751832977647869,0.1,"(50,)",8,"{'NN__alpha': 0.1, 'NN__hidden_layer_sizes': (50,), 'km__n_clusters': 8}",0.5000000000000002,0.5,0.5,0.5,0.5000000000000002,0.5,1.4043333874306804e-16,33,0.5,0.4999999999999999,0.5,0.5,0.5,0.5,4.965068306494546e-17
21,0.12950992584228516,0.005095007858043526,0.001317453384399414,0.00047624888849413983,0.1,"(50,)",9,"{'NN__alpha': 0.1, 'NN__hidden_layer_sizes': (50,), 'km__n_clusters': 9}",0.5351473922902494,0.5,0.5156985871271585,0.498822605965463,0.4871794871794873,0.5074975289261002,0.016617771070611485,17,0.5125000000000001,0.4999999999999999,0.4743589743589744,0.46813186813186813,0.598469387755102,0.5106920460491888,0.046805792602974086
22,0.1248359203338623,0.010768236878761833,0.0012038230895996093,0.00022765228702372711,0.1,"(50,)",10,"{'NN__alpha': 0.1, 'NN__hidden_layer_sizes': (50,), 'km__n_clusters': 10}",0.5000000000000002,0.5,0.5,0.5,0.5000000000000002,0.5,1.4043333874306804e-16,33,0.5,0.4999999999999999,0.5,0.5,0.5,0.5,4.965068306494546e-17
23,0.14338970184326172,0.012601341929451969,0.0011858940124511719,0.00010160805735411945,0.1,"(50,)",15,"{'NN__alpha': 0.1, 'NN__hidden_layer_sizes': (50,), 'km__n_clusters': 15}",0.5000000000000002,0.5,0.5,0.5,0.5000000000000002,0.5,1.4043333874306804e-16,33,0.5,0.4999999999999999,0.5,0.5,0.5,0.5,4.965068306494546e-17
24,0.16449928283691406,0.013698154281311976,0.001099395751953125,6.425907506207846e-05,0.1,"(50,)",20,"{'NN__alpha': 0.1, 'NN__hidden_layer_sizes': (50,), 'km__n_clusters': 20}",0.5000000000000002,0.5,0.5,0.5,0.5000000000000002,0.5,1.4043333874306804e-16,33,0.5,0.4999999999999999,0.5,0.5,0.5,0.5,4.965068306494546e-17
25,0.20471091270446778,0.013183325108473575,0.001179647445678711,0.00017930487313512768,0.1,"(50,)",25,"{'NN__alpha': 0.1, 'NN__hidden_layer_sizes': (50,), 'km__n_clusters': 25}",0.5000000000000002,0.5282574568288853,0.48979591836734687,0.5,0.5000000000000002,0.5036106750392466,0.012941578552919839,24,0.5,0.5007326007326007,0.5,0.5,0.5,0.5001465201465202,0.000293040293040292
26,0.22697114944458008,0.014080676798629413,0.0010760307312011718,5.806212507858446e-05,0.1,"(50,)",30,"{'NN__alpha': 0.1, 'NN__hidden_layer_sizes': (50,), 'km__n_clusters': 30}",0.5000000000000002,0.5,0.5,0.5,0.5000000000000002,0.5,1.4043333874306804e-16,33,0.5,0.4999999999999999,0.5,0.5,0.5,0.5,4.965068306494546e-17
27,0.30426511764526365,0.05092900979775,0.0010796070098876953,3.25838569703104e-05,0.1,"(50,)",35,"{'NN__alpha': 0.1, 'NN__hidden_layer_sizes': (50,), 'km__n_clusters': 35}",0.4897959183673471,0.5,0.48979591836734687,0.5,0.5000000000000002,0.4958911564625851,0.0050044359978547726,260,0.5118589743589744,0.5018315018315018,0.5047619047619049,0.5,0.5,0.5036904761904762,0.00443998504963024
28,0.0737259864807129,0.006999731719841,0.0010718345642089845,0.00015035988998029598,0.1,"(25,)",2,"{'NN__alpha': 0.1, 'NN__hidden_layer_sizes': (25,), 'km__n_clusters': 2}",0.4999999999999999,0.5,0.5,0.5,0.5000000000000001,0.5,7.021666937153402e-17,33,0.5,0.4999999999999999,0.5,0.5,0.4999999999999999,0.5,7.021666937153402e-17
29,0.08164434432983399,0.007633777172332007,0.0010741233825683593,4.4989630098225135e-05,0.1,"(25,)",3,"{'NN__alpha': 0.1, 'NN__hidden_layer_sizes': (25,), 'km__n_clusters': 3}",0.5000000000000002,0.5,0.5,0.5,0.5000000000000002,0.5,1.4043333874306804e-16,33,0.5,0.4999999999999999,0.5,0.5,0.5,0.5,4.965068306494546e-17
30,0.09235925674438476,0.01119940975169126,0.0012080669403076172,0.0002353258286580956,0.1,"(25,)",4,"{'NN__alpha': 0.1, 'NN__hidden_layer_sizes': (25,), 'km__n_clusters': 4}",0.4999999999999999,0.5,0.5,0.5,0.5000000000000001,0.5,7.021666937153402e-17,33,0.5,0.4999999999999999,0.5,0.5,0.4999999999999999,0.5,7.021666937153402e-17
31,0.09109659194946289,0.017001405245190573,0.0011188507080078125,0.00013505644620731257,0.1,"(25,)",5,"{'NN__alpha': 0.1, 'NN__hidden_layer_sizes': (25,), 'km__n_clusters': 5}",0.5000000000000002,0.5,0.5,0.5,0.5000000000000002,0.5,1.4043333874306804e-16,33,0.5,0.4999999999999999,0.5,0.5,0.5,0.5,4.965068306494546e-17
32,0.1015169620513916,0.010700413059272735,0.0010108470916748047,7.88095705695339e-05,0.1,"(25,)",6,"{'NN__alpha': 0.1, 'NN__hidden_layer_sizes': (25,), 'km__n_clusters': 6}",0.4999999999999999,0.5,0.5,0.5,0.5000000000000001,0.5,7.021666937153402e-17,33,0.5,0.4999999999999999,0.5,0.5,0.4999999999999999,0.5,7.021666937153402e-17
33,0.10141844749450683,0.0045260171013995305,0.0013205051422119141,0.0006558461610008268,0.1,"(25,)",7,"{'NN__alpha': 0.1, 'NN__hidden_layer_sizes': (25,), 'km__n_clusters': 7}",0.5000000000000002,0.5,0.5,0.5,0.5000000000000002,0.5,1.4043333874306804e-16,33,0.5,0.4999999999999999,0.5,0.5,0.5,0.5,4.965068306494546e-17
34,0.11407351493835449,0.02872530639456996,0.002518367767333984,0.0025720692334899337,0.1,"(25,)",8,"{'NN__alpha': 0.1, 'NN__hidden_layer_sizes': (25,), 'km__n_clusters': 8}",0.4999999999999999,0.5,0.5,0.5,0.5000000000000001,0.5,7.021666937153402e-17,33,0.5,0.4999999999999999,0.5,0.5,0.4999999999999999,0.5,7.021666937153402e-17
35,0.12790999412536622,0.021210311369314994,0.0029027462005615234,0.0034811626532972135,0.1,"(25,)",9,"{'NN__alpha': 0.1, 'NN__hidden_layer_sizes': (25,), 'km__n_clusters': 9}",0.48979591836734704,0.6401098901098901,0.5,0.5,0.5000000000000002,0.5259539508110936,0.05721582837899694,9,0.49647435897435893,0.5498168498168498,0.5,0.5,0.5,0.5092582417582416,0.02032522308879286
36,0.12467741966247559,0.026019597151388723,0.0012020587921142579,0.0005099682430367171,0.1,"(25,)",10,"{'NN__alpha': 0.1, 'NN__hidden_layer_sizes': (25,), 'km__n_clusters': 10}",0.5000000000000002,0.5,0.5,0.5,0.5000000000000002,0.5,1.4043333874306804e-16,33,0.5,0.4999999999999999,0.5,0.5,0.5,0.5,4.965068306494546e-17
37,0.15062298774719238,0.013143303224565245,0.0011857986450195313,0.0002285779783780039,0.1,"(25,)",15,"{'NN__alpha': 0.1, 'NN__hidden_layer_sizes': (25,), 'km__n_clusters': 15}",0.5506424792139079,0.6624803767660911,0.5,0.5,0.5088141025641026,0.5444989340465531,0.061926740449051075,8,0.5227564102564103,0.6659340659340659,0.5047619047619049,0.5377289377289377,0.5355442176870748,0.5533451072736787,0.05750305380598358
38,0.15404815673828126,0.021312115251758128,0.0014157295227050781,0.0007811973843235183,0.1,"(25,)",20,"{'NN__alpha': 0.1, 'NN__hidden_layer_sizes': (25,), 'km__n_clusters': 20}",0.5000000000000002,0.48861852433281,0.5,0.5,0.5000000000000002,0.497723704866562,0.004552590266876044,249,0.5,0.47106227106227105,0.5,0.5,0.5,0.49421245421245424,0.011575091575091578
39,0.1690530776977539,0.007874318397119452,0.0010728836059570312,0.0001358656257670205,0.1,"(25,)",25,"{'NN__alpha': 0.1, 'NN__hidden_layer_sizes': (25,), 'km__n_clusters': 25}",0.4999999999999999,0.5,0.5,0.5,0.5000000000000001,0.5,7.021666937153402e-17,33,0.5,0.4999999999999999,0.5,0.5,0.4999999999999999,0.5,7.021666937153402e-17
40,0.1871108055114746,0.009224484706159438,0.0016064643859863281,0.001177803861840308,0.1,"(25,)",30,"{'NN__alpha': 0.1, 'NN__hidden_layer_sizes': (25,), 'km__n_clusters': 30}",0.5000000000000002,0.5,0.5,0.5,0.5000000000000002,0.5,1.4043333874306804e-16,33,0.5,0.4999999999999999,0.5,0.5,0.5,0.5,4.965068306494546e-17
41,0.23272900581359862,0.028353702119200467,0.0011817455291748048,0.0002006780156530089,0.1,"(25,)",35,"{'NN__alpha': 0.1, 'NN__hidden_layer_sizes': (25,), 'km__n_clusters': 35}",0.5000000000000002,0.5,0.5,0.5,0.5000000000000002,0.5,1.4043333874306804e-16,33,0.5,0.4999999999999999,0.5,0.5,0.5,0.5,4.965068306494546e-17
42,0.0922586441040039,0.010011060445801231,0.0010233402252197265,1.632873132768592e-05,0.1,"(25, 25)",2,"{'NN__alpha': 0.1, 'NN__hidden_layer_sizes': (25, 25), 'km__n_clusters': 2}",0.5000000000000002,0.5,0.5,0.5,0.5000000000000002,0.5,1.4043333874306804e-16,33,0.5,0.4999999999999999,0.5,0.5,0.5,0.5,4.965068306494546e-17
43,0.08682703971862793,0.009812275995080163,0.0010947227478027345,0.00014529225863039324,0.1,"(25, 25)",3,"{'NN__alpha': 0.1, 'NN__hidden_layer_sizes': (25, 25), 'km__n_clusters': 3}",0.5000000000000002,0.5,0.5,0.5,0.5000000000000002,0.5,1.4043333874306804e-16,33,0.5,0.4999999999999999,0.5,0.5,0.5,0.5,4.965068306494546e-17
44,0.08941583633422852,0.006671579727811563,0.00105743408203125,6.382183475560825e-05,0.1,"(25, 25)",4,"{'NN__alpha': 0.1, 'NN__hidden_layer_sizes': (25, 25), 'km__n_clusters': 4}",0.5000000000000002,0.5,0.5,0.5,0.5000000000000002,0.5,1.4043333874306804e-16,33,0.5,0.4999999999999999,0.5,0.5,0.5,0.5,4.965068306494546e-17
45,0.11055703163146972,0.020753653727803984,0.0010670661926269532,7.434587097393296e-05,0.1,"(25, 25)",5,"{'NN__alpha': 0.1, 'NN__hidden_layer_sizes': (25, 25), 'km__n_clusters': 5}",0.41912320483749066,0.5,0.5,0.5,0.5512820512820513,0.4937286276333896,0.042488595298372,275,0.4423076923076923,0.5065934065934066,0.5,0.5,0.5489795918367345,0.4995761381475667,0.03397050926763758
46,0.10828952789306641,0.017010653422850838,0.0010329246520996093,0.00010918317331377668,0.1,"(25, 25)",6,"{'NN__alpha': 0.1, 'NN__hidden_layer_sizes': (25, 25), 'km__n_clusters': 6}",0.5000000000000002,0.5,0.5,0.5,0.5000000000000002,0.5,1.4043333874306804e-16,33,0.5,0.4999999999999999,0.5,0.5,0.5,0.5,4.965068306494546e-17
47,0.1277909278869629,0.023506964786586218,0.0010523319244384766,5.647358633513115e-05,0.1,"(25, 25)",7,"{'NN__alpha': 0.1, 'NN__hidden_layer_sizes': (25, 25), 'km__n_clusters': 7}",0.5083144368858656,0.5,0.5,0.5282574568288854,0.7716346153846154,0.56093911467721,0.1049782990799308,1,0.5048076923076923,0.4999999999999999,0.5043956043956045,0.510989010989011,0.6517006802721088,0.5343785975928832,0.05876538120117709
48,0.12868680953979492,0.014329159508758543,0.0012796401977539062,0.0004256408146934448,0.1,"(25, 25)",8,"{'NN__alpha': 0.1, 'NN__hidden_layer_sizes': (25, 25), 'km__n_clusters': 8}",0.5000000000000002,0.5168759811616955,0.5,0.5,0.5000000000000002,0.5033751962323392,0.0067503924646781675,28,0.5,0.5446886446886445,0.5,0.49743589743589745,0.5,0.5084249084249084,0.018159042795404676
49,0.1265157699584961,0.019101623922705757,0.0011418819427490234,0.00016907112581365102,0.1,"(25, 25)",9,"{'NN__alpha': 0.1, 'NN__hidden_layer_sizes': (25, 25), 'km__n_clusters': 9}",0.5000000000000002,0.5,0.5,0.5,0.5000000000000002,0.5,1.4043333874306804e-16,33,0.5,0.4999999999999999,0.5,0.5,0.5,0.5,4.965068306494546e-17
50,0.11522173881530762,0.016150965203084493,0.0010458946228027344,4.0212783257712216e-05,0.1,"(25, 25)",10,"{'NN__alpha': 0.1, 'NN__hidden_layer_sizes': (25, 25), 'km__n_clusters': 10}",0.5000000000000002,0.5,0.5,0.5,0.5000000000000002,0.5,1.4043333874306804e-16,33,0.5,0.4999999999999999,0.5,0.5,0.5,0.5,4.965068306494546e-17
51,0.12316980361938476,0.0034717096786557053,0.0010900020599365235,3.7600477011408914e-05,0.1,"(25, 25)",15,"{'NN__alpha': 0.1, 'NN__hidden_layer_sizes': (25, 25), 'km__n_clusters': 15}",0.5000000000000002,0.5,0.5,0.5,0.5000000000000002,0.5,1.4043333874306804e-16,33,0.5,0.4999999999999999,0.5,0.5,0.5,0.5,4.965068306494546e-17
52,0.14458236694335938,0.001411023325515516,0.0010662555694580078,9.257120144312893e-05,0.1,"(25, 25)",20,"{'NN__alpha': 0.1, 'NN__hidden_layer_sizes': (25, 25), 'km__n_clusters': 20}",0.5000000000000002,0.5,0.5,0.5,0.5000000000000002,0.5,1.4043333874306804e-16,33,0.5,0.4999999999999999,0.5,0.5,0.5,0.5,4.965068306494546e-17
53,0.16414718627929686,0.005546576804188819,0.001033926010131836,6.42812215678139e-05,0.1,"(25, 25)",25,"{'NN__alpha': 0.1, 'NN__hidden_layer_sizes': (25, 25), 'km__n_clusters': 25}",0.5000000000000002,0.5,0.5,0.5,0.5000000000000002,0.5,1.4043333874306804e-16,33,0.5,0.4999999999999999,0.5,0.5,0.5,0.5,4.965068306494546e-17
54,0.1989081859588623,0.005621369262659156,0.0013536453247070313,0.0003257567969499043,0.1,"(25, 25)",30,"{'NN__alpha': 0.1, 'NN__hidden_layer_sizes': (25, 25), 'km__n_clusters': 30}",0.5000000000000002,0.5,0.5,0.5,0.5000000000000002,0.5,1.4043333874306804e-16,33,0.5,0.4999999999999999,0.5,0.5,0.5,0.5,4.965068306494546e-17
55,0.24548563957214356,0.011799731632942788,0.001181173324584961,0.00010685977101549586,0.1,"(25, 25)",35,"{'NN__alpha': 0.1, 'NN__hidden_layer_sizes': (25, 25), 'km__n_clusters': 35}",0.5000000000000002,0.5,0.5,0.5,0.5000000000000002,0.5,1.4043333874306804e-16,33,0.5,0.4999999999999999,0.5,0.5,0.5,0.5,4.965068306494546e-17
56,0.12633557319641114,0.01429002807148716,0.0014095783233642578,0.00046013506935809926,0.1,"(100, 25, 100)",2,"{'NN__alpha': 0.1, 'NN__hidden_layer_sizes': (100, 25, 100), 'km__n_clusters': 2}",0.5000000000000002,0.5,0.5,0.5,0.5000000000000002,0.5,1.4043333874306804e-16,33,0.5,0.4999999999999999,0.5,0.5,0.5,0.5,4.965068306494546e-17
57,0.13744120597839354,0.008700533815387122,0.0014679431915283203,0.0005351368183970616,0.1,"(100, 25, 100)",3,"{'NN__alpha': 0.1, 'NN__hidden_layer_sizes': (100, 25, 100), 'km__n_clusters': 3}",0.5000000000000002,0.5,0.5,0.5,0.5000000000000002,0.5,1.4043333874306804e-16,33,0.5,0.4999999999999999,0.5,0.5,0.5,0.5,4.965068306494546e-17
58,0.14383764266967775,0.006572856228889691,0.0014093875885009765,0.00023028473263999043,0.1,"(100, 25, 100)",4,"{'NN__alpha': 0.1, 'NN__hidden_layer_sizes': (100, 25, 100), 'km__n_clusters': 4}",0.5000000000000002,0.5,0.5,0.5,0.5000000000000002,0.5,1.4043333874306804e-16,33,0.5,0.4999999999999999,0.5,0.5,0.5,0.5,4.965068306494546e-17
59,0.14664874076843262,0.008192963735977114,0.0012845516204833985,0.00016177633683091513,0.1,"(100, 25, 100)",5,"{'NN__alpha': 0.1, 'NN__hidden_layer_sizes': (100, 25, 100), 'km__n_clusters': 5}",0.5000000000000002,0.5,0.5,0.5,0.5000000000000002,0.5,1.4043333874306804e-16,33,0.5,0.4999999999999999,0.5,0.5,0.5,0.5,4.965068306494546e-17
60,0.16540312767028809,0.00788220725727511,0.0013106822967529296,0.00023075522220189235,0.1,"(100, 25, 100)",6,"{'NN__alpha': 0.1, 'NN__hidden_layer_sizes': (100, 25, 100), 'km__n_clusters': 6}",0.5000000000000002,0.5,0.5,0.5,0.5000000000000002,0.5,1.4043333874306804e-16,33,0.5,0.4999999999999999,0.5,0.5,0.5,0.5,4.965068306494546e-17
61,0.16436343193054198,0.008172914535546999,0.0016629219055175782,0.0005272219080661179,0.1,"(100, 25, 100)",7,"{'NN__alpha': 0.1, 'NN__hidden_layer_sizes': (100, 25, 100), 'km__n_clusters': 7}",0.5000000000000002,0.5,0.5,0.5,0.5000000000000002,0.5,1.4043333874306804e-16,33,0.5,0.4999999999999999,0.5,0.5,0.5,0.5,4.965068306494546e-17
62,0.16898069381713868,0.008017408166947364,0.00127716064453125,0.00011882073976784825,0.1,"(100, 25, 100)",8,"{'NN__alpha': 0.1, 'NN__hidden_layer_sizes': (100, 25, 100), 'km__n_clusters': 8}",0.5000000000000002,0.5,0.5,0.5,0.5000000000000002,0.5,1.4043333874306804e-16,33,0.5,0.4999999999999999,0.5,0.5,0.5,0.5,4.965068306494546e-17
63,0.20037169456481935,0.004079870790565775,0.001394176483154297,0.00021268378409920185,0.1,"(100, 25, 100)",9,"{'NN__alpha': 0.1, 'NN__hidden_layer_sizes': (100, 25, 100), 'km__n_clusters': 9}",0.5000000000000002,0.5,0.5,0.5,0.5000000000000002,0.5,1.4043333874306804e-16,33,0.5,0.4999999999999999,0.5,0.5,0.5,0.5,4.965068306494546e-17
64,0.1844611644744873,0.008596102844047495,0.0012103557586669923,4.634175230806291e-05,0.1,"(100, 25, 100)",10,"{'NN__alpha': 0.1, 'NN__hidden_layer_sizes': (100, 25, 100), 'km__n_clusters': 10}",0.5000000000000002,0.5,0.5,0.5,0.5000000000000002,0.5,1.4043333874306804e-16,33,0.5,0.4999999999999999,0.5,0.5,0.5,0.5,4.965068306494546e-17
65,0.20156474113464357,0.00260922228365742,0.0017168045043945313,0.00027256069523648457,0.1,"(100, 25, 100)",15,"{'NN__alpha': 0.1, 'NN__hidden_layer_sizes': (100, 25, 100), 'km__n_clusters': 15}",0.5000000000000002,0.5,0.5,0.5,0.5000000000000002,0.5,1.4043333874306804e-16,33,0.5,0.4999999999999999,0.5,0.5,0.5,0.5,4.965068306494546e-17
66,0.23053083419799805,0.00395247412919515,0.001380014419555664,0.00023037416011694687,0.1,"(100, 25, 100)",20,"{'NN__alpha': 0.1, 'NN__hidden_layer_sizes': (100, 25, 100), 'km__n_clusters': 20}",0.5000000000000002,0.5,0.5,0.5,0.5000000000000002,0.5,1.4043333874306804e-16,33,0.5,0.4999999999999999,0.5,0.5,0.5,0.5,4.965068306494546e-17
67,0.26378307342529295,0.006670185794978495,0.0012721538543701172,8.914602984690937e-05,0.1,"(100, 25, 100)",25,"{'NN__alpha': 0.1, 'NN__hidden_layer_sizes': (100, 25, 100), 'km__n_clusters': 25}",0.5000000000000002,0.5,0.5,0.5,0.5000000000000002,0.5,1.4043333874306804e-16,33,0.5,0.4999999999999999,0.5,0.5,0.5,0.5,4.965068306494546e-17
68,0.27474546432495117,0.00515749378664731,0.0013256549835205078,0.000151130707009144,0.1,"(100, 25, 100)",30,"{'NN__alpha': 0.1, 'NN__hidden_layer_sizes': (100, 25, 100), 'km__n_clusters': 30}",0.5000000000000002,0.5,0.5,0.5,0.5000000000000002,0.5,1.4043333874306804e-16,33,0.5,0.4999999999999999,0.5,0.5,0.5,0.5,4.965068306494546e-17
69,0.3307523727416992,0.017351172960902564,0.001785421371459961,0.000373885963292248,0.1,"(100, 25, 100)",35,"{'NN__alpha': 0.1, 'NN__hidden_layer_sizes': (100, 25, 100), 'km__n_clusters': 35}",0.5000000000000002,0.48979591836734687,0.5,0.5,0.5000000000000002,0.4979591836734694,0.004081632653061296,245,0.5,0.5021978021978022,0.5,0.5,0.5047619047619046,0.5013919413919414,0.0018877800332197522
70,0.12114968299865722,0.010266420707225497,0.0013179779052734375,0.0003065627958611406,0.01,"(50, 50)",2,"{'NN__alpha': 0.01, 'NN__hidden_layer_sizes': (50, 50), 'km__n_clusters': 2}",0.5000000000000002,0.5,0.5,0.5,0.5000000000000002,0.5,1.4043333874306804e-16,33,0.5,0.4999999999999999,0.5,0.5,0.5,0.5,4.965068306494546e-17
71,0.12264304161071778,0.00925140191344505,0.0011854171752929688,0.00016751412207426967,0.01,"(50, 50)",3,"{'NN__alpha': 0.01, 'NN__hidden_layer_sizes': (50, 50), 'km__n_clusters': 3}",0.5000000000000002,0.5,0.5,0.5,0.5000000000000002,0.5,1.4043333874306804e-16,33,0.5,0.4999999999999999,0.5,0.5,0.5,0.5,4.965068306494546e-17
72,0.119498872756958,0.008431853870058563,0.001108407974243164,6.416764878997785e-05,0.01,"(50, 50)",4,"{'NN__alpha': 0.01, 'NN__hidden_layer_sizes': (50, 50), 'km__n_clusters': 4}",0.5000000000000002,0.5,0.5,0.5,0.5000000000000002,0.5,1.4043333874306804e-16,33,0.5,0.4999999999999999,0.5,0.5,0.5,0.5,4.965068306494546e-17
73,0.12387256622314453,0.009527812530618459,0.0015677928924560547,0.0004557545949440548,0.01,"(50, 50)",5,"{'NN__alpha': 0.01, 'NN__hidden_layer_sizes': (50, 50), 'km__n_clusters': 5}",0.5000000000000002,0.5,0.5,0.5,0.5000000000000002,0.5,1.4043333874306804e-16,33,0.5,0.4999999999999999,0.5,0.5,0.5,0.5,4.965068306494546e-17
74,0.13652005195617675,0.00985199984896785,0.0013454914093017577,0.000275945980684221,0.01,"(50, 50)",6,"{'NN__alpha': 0.01, 'NN__hidden_layer_sizes': (50, 50), 'km__n_clusters': 6}",0.5000000000000002,0.5,0.5,0.5,0.5000000000000002,0.5,1.4043333874306804e-16,33,0.5,0.4999999999999999,0.5,0.5,0.5,0.5,4.965068306494546e-17
75,0.13261804580688477,0.008170606964908017,0.0012484073638916015,0.0002862245934084141,0.01,"(50, 50)",7,"{'NN__alpha': 0.01, 'NN__hidden_layer_sizes': (50, 50), 'km__n_clusters': 7}",0.5000000000000002,0.5,0.5,0.5,0.5000000000000002,0.5,1.4043333874306804e-16,33,0.5,0.4999999999999999,0.5,0.5,0.5,0.5,4.965068306494546e-17
76,0.13695740699768066,0.007648236776302362,0.0012680530548095704,0.00041030992668804664,0.01,"(50, 50)",8,"{'NN__alpha': 0.01, 'NN__hidden_layer_sizes': (50, 50), 'km__n_clusters': 8}",0.5000000000000002,0.5,0.5,0.5,0.5000000000000002,0.5,1.4043333874306804e-16,33,0.5,0.4999999999999999,0.5,0.5,0.5,0.5,4.965068306494546e-17
77,0.15471239089965821,0.009251894538275367,0.001374673843383789,0.0004009257885058366,0.01,"(50, 50)",9,"{'NN__alpha': 0.01, 'NN__hidden_layer_sizes': (50, 50), 'km__n_clusters': 9}",0.4999999999999999,0.5,0.5,0.5,0.4791666666666668,0.49588888888888893,0.008291375855685587,264,0.5,0.5069597069597069,0.5,0.5,0.49744897959183676,0.5008817373103087,0.0031955569988941224
78,0.17543554306030273,0.011669570741038523,0.0012154579162597656,0.00011207063061170872,0.01,"(50, 50)",10,"{'NN__alpha': 0.01, 'NN__hidden_layer_sizes': (50, 50), 'km__n_clusters': 10}",0.4841269841269842,0.5,0.5,0.5,0.5000000000000002,0.49678306878306877,0.006380733015436621,256,0.44038461538461543,0.4999999999999999,0.5,0.5,0.5,0.488076923076923,0.023846153846153816
79,0.15723052024841308,0.004014804143539144,0.0014047622680664062,0.00029382588065313435,0.01,"(50, 50)",15,"{'NN__alpha': 0.01, 'NN__hidden_layer_sizes': (50, 50), 'km__n_clusters': 15}",0.5000000000000002,0.5,0.5,0.5,0.5000000000000002,0.5,1.4043333874306804e-16,33,0.5,0.4999999999999999,0.5,0.5,0.5,0.5,4.965068306494546e-17
80,0.18625140190124512,0.005720632642821856,0.0011416435241699218,5.139800278763483e-05,0.01,"(50, 50)",20,"{'NN__alpha': 0.01, 'NN__hidden_layer_sizes': (50, 50), 'km__n_clusters': 20}",0.5000000000000002,0.5,0.5,0.5,0.4791666666666668,0.49588888888888893,0.00829137585568562,264,0.5,0.4999999999999999,0.5,0.5,0.4923469387755102,0.498469387755102,0.0030612244897958996
81,0.20387954711914064,0.0019322043300781064,0.001126861572265625,4.829929686582404e-05,0.01,"(50, 50)",25,"{'NN__alpha': 0.01, 'NN__hidden_layer_sizes': (50, 50), 'km__n_clusters': 25}",0.5000000000000002,0.5,0.5667189952904238,0.5,0.5000000000000002,0.5133437990580848,0.026687598116169477,13,0.5,0.4999999999999999,0.536996336996337,0.5,0.5,0.5073992673992673,0.014798534798534801
82,0.23818745613098144,0.004392075795862823,0.001180124282836914,6.788299069490695e-05,0.01,"(50, 50)",30,"{'NN__alpha': 0.01, 'NN__hidden_layer_sizes': (50, 50), 'km__n_clusters': 30}",0.5000000000000002,0.5,0.5,0.5,0.5000000000000002,0.5,1.4043333874306804e-16,33,0.5,0.4999999999999999,0.5,0.5,0.5,0.5,4.965068306494546e-17
83,0.2889662742614746,0.011559984331796593,0.0015229225158691407,0.0004438850597606093,0.01,"(50, 50)",35,"{'NN__alpha': 0.01, 'NN__hidden_layer_sizes': (50, 50), 'km__n_clusters': 35}",0.5102040816326531,0.5,0.5,0.4839089481946625,0.48958333333333337,0.49679426129426124,0.009166350664598671,253,0.4951923076923077,0.4999999999999999,0.5,0.5315018315018315,0.4897959183673469,0.5032980115122971,0.014596014357247326
84,0.08120818138122558,0.008887796859349845,0.0012239933013916016,0.0004054229078560628,0.01,"(50,)",2,"{'NN__alpha': 0.01, 'NN__hidden_layer_sizes': (50,), 'km__n_clusters': 2}",0.4999999999999999,0.5,0.5,0.5,0.5000000000000001,0.5,7.021666937153402e-17,33,0.5,0.4999999999999999,0.5,0.5,0.4999999999999999,0.5,7.021666937153402e-17
85,0.08808040618896484,0.009592061943313083,0.0012507915496826171,0.000308287278077564,0.01,"(50,)",3,"{'NN__alpha': 0.01, 'NN__hidden_layer_sizes': (50,), 'km__n_clusters': 3}",0.4999999999999999,0.5,0.5,0.5,0.5000000000000001,0.5,7.021666937153402e-17,33,0.5,0.4999999999999999,0.5,0.5,0.4999999999999999,0.5,7.021666937153402e-17
86,0.09130058288574219,0.0051372076867870365,0.0012501239776611327,0.0002902138673861884,0.01,"(50,)",4,"{'NN__alpha': 0.01, 'NN__hidden_layer_sizes': (50,), 'km__n_clusters': 4}",0.5000000000000002,0.5,0.5,0.5,0.5000000000000002,0.5,1.4043333874306804e-16,33,0.5,0.4999999999999999,0.5,0.5,0.5,0.5,4.965068306494546e-17
87,0.09466867446899414,0.0077125659940755174,0.0011879444122314454,0.00036729570624620086,0.01,"(50,)",5,"{'NN__alpha': 0.01, 'NN__hidden_layer_sizes': (50,), 'km__n_clusters': 5}",0.5000000000000002,0.5,0.5,0.5,0.5000000000000002,0.5,1.4043333874306804e-16,33,0.5,0.4999999999999999,0.5,0.5,0.5,0.5,4.965068306494546e-17
88,0.1303247928619385,0.0069232629332540456,0.001445627212524414,0.0006692611679730994,0.01,"(50,)",6,"{'NN__alpha': 0.01, 'NN__hidden_layer_sizes': (50,), 'km__n_clusters': 6}",0.5000000000000002,0.5,0.5090266875981161,0.467032967032967,0.5000000000000002,0.49521193092621674,0.014516737404574242,272,0.5,0.4999999999999999,0.5043956043956045,0.4992673992673992,0.5047619047619047,0.5016849816849817,0.0023806705947651604
89,0.1198122501373291,0.005227504273772969,0.0010651588439941407,0.00016122290942130325,0.01,"(50,)",7,"{'NN__alpha': 0.01, 'NN__hidden_layer_sizes': (50,), 'km__n_clusters': 7}",0.5000000000000002,0.5,0.5090266875981161,0.5,0.5000000000000002,0.5018053375196233,0.0036106750392463915,29,0.5,0.4999999999999999,0.5018315018315019,0.5021978021978022,0.5022108843537415,0.5012480376766091,0.0010280810156693704
90,0.10834193229675293,0.008997465198376768,0.0011751174926757813,0.00020904213622585427,0.01,"(50,)",8,"{'NN__alpha': 0.01, 'NN__hidden_layer_sizes': (50,), 'km__n_clusters': 8}",0.5000000000000002,0.5,0.5,0.5,0.5000000000000002,0.5,1.4043333874306804e-16,33,0.5,0.4999999999999999,0.5,0.5,0.5,0.5,4.965068306494546e-17
91,0.12878518104553222,0.004437389946790579,0.0010906219482421874,0.00010068838603872523,0.01,"(50,)",9,"{'NN__alpha': 0.01, 'NN__hidden_layer_sizes': (50,), 'km__n_clusters': 9}",0.5166288737717311,0.5,0.5156985871271585,0.498822605965463,0.4871794871794873,0.5037444425063472,0.011136498760691487,21,0.5125000000000001,0.4999999999999999,0.476923076923077,0.46813186813186813,0.598469387755102,0.5112048665620094,0.04641734020593016
92,0.12468757629394531,0.00657890414207622,0.0011063575744628905,9.936039291737672e-05,0.01,"(50,)",10,"{'NN__alpha': 0.01, 'NN__hidden_layer_sizes': (50,), 'km__n_clusters': 10}",0.5000000000000002,0.5,0.5,0.5,0.5000000000000002,0.5,1.4043333874306804e-16,33,0.5,0.4999999999999999,0.5,0.5,0.5,0.5,4.965068306494546e-17
93,0.12864384651184083,0.004746166245569322,0.0010835647583007813,0.00011704593339847472,0.01,"(50,)",15,"{'NN__alpha': 0.01, 'NN__hidden_layer_sizes': (50,), 'km__n_clusters': 15}",0.5000000000000002,0.5,0.5,0.5,0.5000000000000002,0.5,1.4043333874306804e-16,33,0.5,0.4999999999999999,0.5,0.5,0.5,0.5,4.965068306494546e-17
94,0.15399765968322754,0.005820335328562307,0.0010347843170166015,1.8282461482212096e-05,0.01,"(50,)",20,"{'NN__alpha': 0.01, 'NN__hidden_layer_sizes': (50,), 'km__n_clusters': 20}",0.5000000000000002,0.5,0.5,0.5,0.5000000000000002,0.5,1.4043333874306804e-16,33,0.5,0.4999999999999999,0.5,0.5,0.5,0.5,4.965068306494546e-17
95,0.1777132511138916,0.005355382805384355,0.0010293483734130859,1.654947837522076e-05,0.01,"(50,)",25,"{'NN__alpha': 0.01, 'NN__hidden_layer_sizes': (50,), 'km__n_clusters': 25}",0.5000000000000002,0.5282574568288853,0.48979591836734687,0.5,0.5000000000000002,0.5036106750392466,0.012941578552919839,24,0.5,0.49377289377289374,0.5,0.5,0.5,0.49875457875457874,0.0024908424908425043
96,0.20205426216125488,0.004024008346182091,0.0011879920959472657,0.00015121884405009078,0.01,"(50,)",30,"{'NN__alpha': 0.01, 'NN__hidden_layer_sizes': (50,), 'km__n_clusters': 30}",0.5000000000000002,0.5,0.5,0.5,0.5000000000000002,0.5,1.4043333874306804e-16,33,0.5,0.4999999999999999,0.5,0.5,0.5,0.5,4.965068306494546e-17
97,0.2585794925689697,0.013831456085461664,0.0011270999908447265,0.00015360512513724805,0.01,"(50,)",35,"{'NN__alpha': 0.01, 'NN__hidden_layer_sizes': (50,), 'km__n_clusters': 35}",0.4897959183673471,0.5,0.48979591836734687,0.5,0.5000000000000002,0.4958911564625851,0.0050044359978547726,260,0.5118589743589744,0.5018315018315018,0.5047619047619049,0.5,0.5,0.5036904761904762,0.00443998504963024
98,0.07270097732543945,0.012189735485735749,0.0011897087097167969,0.00044516228446353154,0.01,"(25,)",2,"{'NN__alpha': 0.01, 'NN__hidden_layer_sizes': (25,), 'km__n_clusters': 2}",0.4999999999999999,0.5,0.5,0.5,0.5000000000000001,0.5,7.021666937153402e-17,33,0.5,0.4999999999999999,0.5,0.5,0.4999999999999999,0.5,7.021666937153402e-17
99,0.07584404945373535,0.005939627700702006,0.0009785175323486328,3.3675103026606965e-05,0.01,"(25,)",3,"{'NN__alpha': 0.01, 'NN__hidden_layer_sizes': (25,), 'km__n_clusters': 3}",0.5000000000000002,0.5,0.5,0.5,0.5000000000000002,0.5,1.4043333874306804e-16,33,0.5,0.4999999999999999,0.5,0.5,0.5,0.5,4.965068306494546e-17
100,0.07971620559692383,0.006103419798605406,0.0010915756225585937,0.00025065663550661,0.01,"(25,)",4,"{'NN__alpha': 0.01, 'NN__hidden_layer_sizes': (25,), 'km__n_clusters': 4}",0.4999999999999999,0.5,0.5,0.5,0.5000000000000001,0.5,7.021666937153402e-17,33,0.5,0.4999999999999999,0.5,0.5,0.4999999999999999,0.5,7.021666937153402e-17
101,0.08415780067443848,0.010339790582077901,0.0011662960052490235,0.00031643890327851665,0.01,"(25,)",5,"{'NN__alpha': 0.01, 'NN__hidden_layer_sizes': (25,), 'km__n_clusters': 5}",0.5000000000000002,0.5,0.5,0.5,0.5000000000000002,0.5,1.4043333874306804e-16,33,0.5,0.4999999999999999,0.5,0.5,0.5,0.5,4.965068306494546e-17
102,0.0930938720703125,0.009304082488885921,0.0009765148162841797,2.652346417460133e-06,0.01,"(25,)",6,"{'NN__alpha': 0.01, 'NN__hidden_layer_sizes': (25,), 'km__n_clusters': 6}",0.4999999999999999,0.5,0.5,0.5,0.5000000000000001,0.5,7.021666937153402e-17,33,0.5,0.4999999999999999,0.5,0.5,0.4999999999999999,0.5,7.021666937153402e-17
103,0.0929029941558838,0.006695539180638635,0.000989389419555664,2.2736383750878365e-05,0.01,"(25,)",7,"{'NN__alpha': 0.01, 'NN__hidden_layer_sizes': (25,), 'km__n_clusters': 7}",0.5000000000000002,0.5,0.5,0.5,0.5000000000000002,0.5,1.4043333874306804e-16,33,0.5,0.4999999999999999,0.5,0.5,0.5,0.5,4.965068306494546e-17
104,0.09364724159240723,0.005552622443893892,0.0009901046752929688,2.9281606644374918e-05,0.01,"(25,)",8,"{'NN__alpha': 0.01, 'NN__hidden_layer_sizes': (25,), 'km__n_clusters': 8}",0.4999999999999999,0.5,0.5,0.5,0.5000000000000001,0.5,7.021666937153402e-17,33,0.5,0.4999999999999999,0.5,0.5,0.4999999999999999,0.5,7.021666937153402e-17
105,0.10105862617492675,0.0036742502074925847,0.0010033607482910155,2.4995820206655345e-05,0.01,"(25,)",9,"{'NN__alpha': 0.01, 'NN__hidden_layer_sizes': (25,), 'km__n_clusters': 9}",0.48979591836734704,0.6401098901098901,0.5,0.5,0.5000000000000002,0.5259539508110936,0.05721582837899694,9,0.49647435897435893,0.5498168498168498,0.5,0.5,0.5,0.5092582417582416,0.02032522308879286
106,0.10588612556457519,0.010597726902978348,0.0009811878204345702,6.565131675527846e-06,0.01,"(25,)",10,"{'NN__alpha': 0.01, 'NN__hidden_layer_sizes': (25,), 'km__n_clusters': 10}",0.5000000000000002,0.5,0.5,0.5,0.5000000000000002,0.5,1.4043333874306804e-16,33,0.5,0.4999999999999999,0.5,0.5,0.5,0.5,4.965068306494546e-17
107,0.11993994712829589,0.004035800333787825,0.0010010242462158204,1.8841163035293244e-05,0.01,"(25,)",15,"{'NN__alpha': 0.01, 'NN__hidden_layer_sizes': (25,), 'km__n_clusters': 15}",0.5506424792139079,0.6624803767660911,0.5,0.5,0.5280448717948719,0.548293805841425,0.06018853473425941,5,0.5227564102564103,0.6659340659340659,0.5069597069597069,0.5377289377289377,0.5355442176870748,0.5537846677132391,0.05713723429455868
108,0.13451032638549804,0.003931296561854411,0.001004648208618164,1.625126514996084e-05,0.01,"(25,)",20,"{'NN__alpha': 0.01, 'NN__hidden_layer_sizes': (25,), 'km__n_clusters': 20}",0.5000000000000002,0.48861852433281,0.5,0.5,0.5000000000000002,0.497723704866562,0.004552590266876044,249,0.5,0.4736263736263736,0.5,0.5,0.5,0.4947252747252747,0.010549450549450556
109,0.1522228240966797,0.003294236395470383,0.0010189533233642579,2.821224283597551e-05,0.01,"(25,)",25,"{'NN__alpha': 0.01, 'NN__hidden_layer_sizes': (25,), 'km__n_clusters': 25}",0.4999999999999999,0.5,0.5,0.5,0.5000000000000001,0.5,7.021666937153402e-17,33,0.5,0.4999999999999999,0.5,0.5,0.4999999999999999,0.5,7.021666937153402e-17
110,0.1767286777496338,0.002508435426768044,0.0010382175445556641,3.24741858885829e-05,0.01,"(25,)",30,"{'NN__alpha': 0.01, 'NN__hidden_layer_sizes': (25,), 'km__n_clusters': 30}",0.5000000000000002,0.5,0.5,0.5,0.5000000000000002,0.5,1.4043333874306804e-16,33,0.5,0.4999999999999999,0.5,0.5,0.5,0.5,4.965068306494546e-17
111,0.20365214347839355,0.009074262813314636,0.0011749744415283203,0.00030261400226101097,0.01,"(25,)",35,"{'NN__alpha': 0.01, 'NN__hidden_layer_sizes': (25,), 'km__n_clusters': 35}",0.5000000000000002,0.5,0.5,0.5,0.5000000000000002,0.5,1.4043333874306804e-16,33,0.5,0.4999999999999999,0.5,0.5,0.5,0.5,4.965068306494546e-17
112,0.08531522750854492,0.010587609567698966,0.0010417938232421876,2.2302831542657113e-05,0.01,"(25, 25)",2,"{'NN__alpha': 0.01, 'NN__hidden_layer_sizes': (25, 25), 'km__n_clusters': 2}",0.5000000000000002,0.5,0.5,0.5,0.5000000000000002,0.5,1.4043333874306804e-16,33,0.5,0.4999999999999999,0.5,0.5,0.5,0.5,4.965068306494546e-17
113,0.07890639305114747,0.0064720382273925165,0.0010313034057617188,3.175699674845589e-05,0.01,"(25, 25)",3,"{'NN__alpha': 0.01, 'NN__hidden_layer_sizes': (25, 25), 'km__n_clusters': 3}",0.5000000000000002,0.5,0.5,0.5,0.5000000000000002,0.5,1.4043333874306804e-16,33,0.5,0.4999999999999999,0.5,0.5,0.5,0.5,4.965068306494546e-17
114,0.08351554870605468,0.004065540387680423,0.0010436534881591796,5.633011179940497e-05,0.01,"(25, 25)",4,"{'NN__alpha': 0.01, 'NN__hidden_layer_sizes': (25, 25), 'km__n_clusters': 4}",0.5000000000000002,0.5,0.5,0.5,0.5000000000000002,0.5,1.4043333874306804e-16,33,0.5,0.4999999999999999,0.5,0.5,0.5,0.5,4.965068306494546e-17
115,0.10053181648254395,0.006709949873903519,0.0010129451751708985,5.101489085672177e-06,0.01,"(25, 25)",5,"{'NN__alpha': 0.01, 'NN__hidden_layer_sizes': (25, 25), 'km__n_clusters': 5}",0.42932728647014373,0.5,0.4811616954474097,0.5,0.5512820512820513,0.49202899393375593,0.03922552408818375,278,0.4474358974358975,0.5065934065934066,0.44652014652014654,0.5,0.5515306122448979,0.4904160125588697,0.039655245653197904
116,0.09740819931030273,0.008828213880765483,0.0010888099670410157,3.877814974300389e-05,0.01,"(25, 25)",6,"{'NN__alpha': 0.01, 'NN__hidden_layer_sizes': (25, 25), 'km__n_clusters': 6}",0.5000000000000002,0.5,0.5,0.5,0.5000000000000002,0.5,1.4043333874306804e-16,33,0.5,0.4999999999999999,0.5,0.5,0.5,0.5,4.965068306494546e-17
117,0.10570497512817383,0.005776363408155542,0.0010073184967041016,4.491061859687839e-05,0.01,"(25, 25)",7,"{'NN__alpha': 0.01, 'NN__hidden_layer_sizes': (25, 25), 'km__n_clusters': 7}",0.5083144368858656,0.5,0.5,0.5282574568288854,0.7716346153846154,0.56093911467721,0.1049782990799308,1,0.5048076923076923,0.4999999999999999,0.5043956043956045,0.510989010989011,0.6517006802721088,0.5343785975928832,0.05876538120117709
118,0.11811618804931641,0.006495215058292842,0.001025390625,1.0462637444993954e-05,0.01,"(25, 25)",8,"{'NN__alpha': 0.01, 'NN__hidden_layer_sizes': (25, 25), 'km__n_clusters': 8}",0.5000000000000002,0.5361067503924647,0.5,0.5,0.5000000000000002,0.507221350078493,0.014442700156985832,18,0.5,0.5516483516483516,0.5,0.49743589743589745,0.5,0.5098168498168498,0.02093931301794831
119,0.10387606620788574,0.004394031720716031,0.001544809341430664,0.001014086172919935,0.01,"(25, 25)",9,"{'NN__alpha': 0.01, 'NN__hidden_layer_sizes': (25, 25), 'km__n_clusters': 9}",0.5000000000000002,0.5,0.5,0.5,0.5000000000000002,0.5,1.4043333874306804e-16,33,0.5,0.4999999999999999,0.5,0.5,0.5,0.5,4.965068306494546e-17
120,0.11236591339111328,0.009099538581594216,0.0010503292083740234,2.786239123117055e-05,0.01,"(25, 25)",10,"{'NN__alpha': 0.01, 'NN__hidden_layer_sizes': (25, 25), 'km__n_clusters': 10}",0.5000000000000002,0.5,0.5,0.5,0.5000000000000002,0.5,1.4043333874306804e-16,33,0.5,0.4999999999999999,0.5,0.5,0.5,0.5,4.965068306494546e-17
121,0.12084145545959472,0.004430568766305292,0.001061725616455078,2.137347763654795e-05,0.01,"(25, 25)",15,"{'NN__alpha': 0.01, 'NN__hidden_layer_sizes': (25, 25), 'km__n_clusters': 15}",0.5000000000000002,0.5,0.5,0.5,0.5000000000000002,0.5,1.4043333874306804e-16,33,0.5,0.4999999999999999,0.5,0.5,0.5,0.5,4.965068306494546e-17
122,0.1410728931427002,0.002033512057723821,0.0010558605194091798,1.7878277825089246e-05,0.01,"(25, 25)",20,"{'NN__alpha': 0.01, 'NN__hidden_layer_sizes': (25, 25), 'km__n_clusters': 20}",0.5000000000000002,0.5,0.5,0.5,0.5000000000000002,0.5,1.4043333874306804e-16,33,0.5,0.4999999999999999,0.5,0.5,0.5,0.5,4.965068306494546e-17
123,0.1645440101623535,0.009575832148439318,0.001066446304321289,2.1214163094611798e-05,0.01,"(25, 25)",25,"{'NN__alpha': 0.01, 'NN__hidden_layer_sizes': (25, 25), 'km__n_clusters': 25}",0.5000000000000002,0.5,0.5,0.5,0.5000000000000002,0.5,1.4043333874306804e-16,33,0.5,0.4999999999999999,0.5,0.5,0.5,0.5,4.965068306494546e-17
124,0.1920323371887207,0.014913163682697824,0.00125732421875,0.00039974054451269117,0.01,"(25, 25)",30,"{'NN__alpha': 0.01, 'NN__hidden_layer_sizes': (25, 25), 'km__n_clusters': 30}",0.5000000000000002,0.5,0.5,0.5,0.5000000000000002,0.5,1.4043333874306804e-16,33,0.5,0.4999999999999999,0.5,0.5,0.5,0.5,4.965068306494546e-17
125,0.2284705638885498,0.025509899492924537,0.0014060020446777343,0.00035967641936424533,0.01,"(25, 25)",35,"{'NN__alpha': 0.01, 'NN__hidden_layer_sizes': (25, 25), 'km__n_clusters': 35}",0.5000000000000002,0.5,0.5,0.5,0.5000000000000002,0.5,1.4043333874306804e-16,33,0.5,0.4999999999999999,0.5,0.5,0.5,0.5,4.965068306494546e-17
126,0.1325812816619873,0.017181991696978843,0.001176166534423828,2.8991307080277098e-05,0.01,"(100, 25, 100)",2,"{'NN__alpha': 0.01, 'NN__hidden_layer_sizes': (100, 25, 100), 'km__n_clusters': 2}",0.5000000000000002,0.5,0.5,0.5,0.5000000000000002,0.5,1.4043333874306804e-16,33,0.5,0.4999999999999999,0.5,0.5,0.5,0.5,4.965068306494546e-17
127,0.14187002182006836,0.018065819371952292,0.001815652847290039,0.0005220367736674123,0.01,"(100, 25, 100)",3,"{'NN__alpha': 0.01, 'NN__hidden_layer_sizes': (100, 25, 100), 'km__n_clusters': 3}",0.5000000000000002,0.5,0.5,0.5,0.5000000000000002,0.5,1.4043333874306804e-16,33,0.5,0.4999999999999999,0.5,0.5,0.5,0.5,4.965068306494546e-17
128,0.14181022644042968,0.008677291028729208,0.0012230873107910156,2.10840762865975e-05,0.01,"(100, 25, 100)",4,"{'NN__alpha': 0.01, 'NN__hidden_layer_sizes': (100, 25, 100), 'km__n_clusters': 4}",0.5000000000000002,0.5,0.5,0.5,0.5000000000000002,0.5,1.4043333874306804e-16,33,0.5,0.4999999999999999,0.5,0.5,0.5,0.5,4.965068306494546e-17
129,0.15512523651123047,0.01297431913104221,0.001384735107421875,0.00023647810911711075,0.01,"(100, 25, 100)",5,"{'NN__alpha': 0.01, 'NN__hidden_layer_sizes': (100, 25, 100), 'km__n_clusters': 5}",0.5000000000000002,0.5,0.5,0.5,0.5000000000000002,0.5,1.4043333874306804e-16,33,0.5,0.4999999999999999,0.5,0.5,0.5,0.5,4.965068306494546e-17
130,0.16810321807861328,0.009354150577760989,0.0013217926025390625,0.0002356592240797726,0.01,"(100, 25, 100)",6,"{'NN__alpha': 0.01, 'NN__hidden_layer_sizes': (100, 25, 100), 'km__n_clusters': 6}",0.5000000000000002,0.5,0.5,0.5,0.5000000000000002,0.5,1.4043333874306804e-16,33,0.5,0.4999999999999999,0.5,0.5,0.5,0.5,4.965068306494546e-17
131,0.17172398567199706,0.008000237800188631,0.0012998104095458985,8.637301979097566e-05,0.01,"(100, 25, 100)",7,"{'NN__alpha': 0.01, 'NN__hidden_layer_sizes': (100, 25, 100), 'km__n_clusters': 7}",0.5000000000000002,0.5,0.5,0.5,0.5000000000000002,0.5,1.4043333874306804e-16,33,0.5,0.4999999999999999,0.5,0.5,0.5,0.5,4.965068306494546e-17
132,0.17707982063293456,0.007545476202051873,0.0018177032470703125,0.0006169033441961233,0.01,"(100, 25, 100)",8,"{'NN__alpha': 0.01, 'NN__hidden_layer_sizes': (100, 25, 100), 'km__n_clusters': 8}",0.5000000000000002,0.5,0.5,0.5,0.5000000000000002,0.5,1.4043333874306804e-16,33,0.5,0.4999999999999999,0.5,0.5,0.5,0.5,4.965068306494546e-17
133,0.20238881111145018,0.003529536780116071,0.001582765579223633,0.0006203891784679688,0.01,"(100, 25, 100)",9,"{'NN__alpha': 0.01, 'NN__hidden_layer_sizes': (100, 25, 100), 'km__n_clusters': 9}",0.5000000000000002,0.5,0.5,0.5,0.5000000000000002,0.5,1.4043333874306804e-16,33,0.5,0.4999999999999999,0.5,0.5,0.5,0.5,4.965068306494546e-17
134,0.18778233528137206,0.015904655197567244,0.0015894412994384766,0.0005806209884110233,0.01,"(100, 25, 100)",10,"{'NN__alpha': 0.01, 'NN__hidden_layer_sizes': (100, 25, 100), 'km__n_clusters': 10}",0.5000000000000002,0.5,0.5,0.5,0.5000000000000002,0.5,1.4043333874306804e-16,33,0.5,0.4999999999999999,0.5,0.5,0.5,0.5,4.965068306494546e-17
135,0.1999351978302002,0.004526483140437446,0.0012211322784423829,4.013807758600352e-05,0.01,"(100, 25, 100)",15,"{'NN__alpha': 0.01, 'NN__hidden_layer_sizes': (100, 25, 100), 'km__n_clusters': 15}",0.5000000000000002,0.5,0.5,0.5,0.5000000000000002,0.5,1.4043333874306804e-16,33,0.5,0.4999999999999999,0.5,0.5,0.5,0.5,4.965068306494546e-17
136,0.22251534461975098,0.007019386679912819,0.0013836383819580077,0.0001240219073935705,0.01,"(100, 25, 100)",20,"{'NN__alpha': 0.01, 'NN__hidden_layer_sizes': (100, 25, 100), 'km__n_clusters': 20}",0.5000000000000002,0.5,0.5,0.5,0.5000000000000002,0.5,1.4043333874306804e-16,33,0.5,0.4999999999999999,0.5,0.5,0.5,0.5,4.965068306494546e-17
137,0.26323981285095216,0.009432317163565566,0.0014963150024414062,0.00041800626126762365,0.01,"(100, 25, 100)",25,"{'NN__alpha': 0.01, 'NN__hidden_layer_sizes': (100, 25, 100), 'km__n_clusters': 25}",0.5000000000000002,0.5,0.5,0.5,0.5000000000000002,0.5,1.4043333874306804e-16,33,0.5,0.4999999999999999,0.5,0.5,0.5,0.5,4.965068306494546e-17
138,0.2704824447631836,0.0036665744854515172,0.00171661376953125,0.0006258601868814287,0.01,"(100, 25, 100)",30,"{'NN__alpha': 0.01, 'NN__hidden_layer_sizes': (100, 25, 100), 'km__n_clusters': 30}",0.5000000000000002,0.5,0.5,0.5,0.5000000000000002,0.5,1.4043333874306804e-16,33,0.5,0.4999999999999999,0.5,0.5,0.5,0.5,4.965068306494546e-17
139,0.3324138641357422,0.009393298452381849,0.0020532131195068358,0.00042662483307632745,0.01,"(100, 25, 100)",35,"{'NN__alpha': 0.01, 'NN__hidden_layer_sizes': (100, 25, 100), 'km__n_clusters': 35}",0.5000000000000002,0.48979591836734687,0.5,0.5,0.5000000000000002,0.4979591836734694,0.004081632653061296,245,0.5048076923076923,0.5021978021978022,0.5,0.5,0.5047619047619046,0.5023534798534799,0.002141291184490365
140,0.12832632064819335,0.014475291435468798,0.0013773441314697266,0.0005362990083318209,0.001,"(50, 50)",2,"{'NN__alpha': 0.001, 'NN__hidden_layer_sizes': (50, 50), 'km__n_clusters': 2}",0.5000000000000002,0.5,0.5,0.5,0.5000000000000002,0.5,1.4043333874306804e-16,33,0.5,0.4999999999999999,0.5,0.5,0.5,0.5,4.965068306494546e-17
141,0.1239560604095459,0.006352496631029767,0.0012314796447753906,0.00017832615762704843,0.001,"(50, 50)",3,"{'NN__alpha': 0.001, 'NN__hidden_layer_sizes': (50, 50), 'km__n_clusters': 3}",0.5000000000000002,0.5,0.5,0.5,0.5000000000000002,0.5,1.4043333874306804e-16,33,0.5,0.4999999999999999,0.5,0.5,0.5,0.5,4.965068306494546e-17
142,0.12154221534729004,0.0032958699182097716,0.0016410350799560547,0.0007427327682264266,0.001,"(50, 50)",4,"{'NN__alpha': 0.001, 'NN__hidden_layer_sizes': (50, 50), 'km__n_clusters': 4}",0.5000000000000002,0.5,0.5,0.5,0.5000000000000002,0.5,1.4043333874306804e-16,33,0.5,0.4999999999999999,0.5,0.5,0.5,0.5,4.965068306494546e-17
143,0.1196207046508789,0.008767689339968042,0.001193094253540039,0.00015494195205165606,0.001,"(50, 50)",5,"{'NN__alpha': 0.001, 'NN__hidden_layer_sizes': (50, 50), 'km__n_clusters': 5}",0.5000000000000002,0.5,0.5,0.5,0.5000000000000002,0.5,1.4043333874306804e-16,33,0.5,0.4999999999999999,0.5,0.5,0.5,0.5,4.965068306494546e-17
144,0.13489041328430176,0.010636321631905437,0.0011868000030517579,0.00028389898513062685,0.001,"(50, 50)",6,"{'NN__alpha': 0.001, 'NN__hidden_layer_sizes': (50, 50), 'km__n_clusters': 6}",0.5000000000000002,0.5,0.5,0.5,0.5000000000000002,0.5,1.4043333874306804e-16,33,0.5,0.4999999999999999,0.5,0.5,0.5,0.5,4.965068306494546e-17
145,0.1354991912841797,0.008848223850616732,0.0011237621307373046,1.4836150452512109e-05,0.001,"(50, 50)",7,"{'NN__alpha': 0.001, 'NN__hidden_layer_sizes': (50, 50), 'km__n_clusters': 7}",0.5000000000000002,0.5,0.5,0.5,0.5000000000000002,0.5,1.4043333874306804e-16,33,0.5,0.4999999999999999,0.5,0.5,0.5,0.5,4.965068306494546e-17
146,0.14054594039916993,0.009616447165813977,0.001169872283935547,8.238324841914024e-05,0.001,"(50, 50)",8,"{'NN__alpha': 0.001, 'NN__hidden_layer_sizes': (50, 50), 'km__n_clusters': 8}",0.5000000000000002,0.5,0.5,0.5,0.5000000000000002,0.5,1.4043333874306804e-16,33,0.5,0.4999999999999999,0.5,0.5,0.5,0.5,4.965068306494546e-17
147,0.15538172721862792,0.005460184885181997,0.0012120723724365235,0.00011126884484829521,0.001,"(50, 50)",9,"{'NN__alpha': 0.001, 'NN__hidden_layer_sizes': (50, 50), 'km__n_clusters': 9}",0.4999999999999999,0.5,0.5,0.5,0.4791666666666668,0.49588888888888893,0.008291375855685587,264,0.5,0.5069597069597069,0.5,0.5,0.49744897959183676,0.5008817373103087,0.0031955569988941224
148,0.17832350730895996,0.010256659593863751,0.0014483928680419922,0.000349984214190786,0.001,"(50, 50)",10,"{'NN__alpha': 0.001, 'NN__hidden_layer_sizes': (50, 50), 'km__n_clusters': 10}",0.4841269841269842,0.5,0.5,0.5,0.5000000000000002,0.49678306878306877,0.006380733015436621,256,0.44038461538461543,0.4999999999999999,0.5,0.5,0.5,0.488076923076923,0.023846153846153816
149,0.16339869499206544,0.006258221788479314,0.0011987686157226562,0.00014737338761553213,0.001,"(50, 50)",15,"{'NN__alpha': 0.001, 'NN__hidden_layer_sizes': (50, 50), 'km__n_clusters': 15}",0.5000000000000002,0.5,0.5,0.5,0.5000000000000002,0.5,1.4043333874306804e-16,33,0.5,0.4999999999999999,0.5,0.5,0.5,0.5,4.965068306494546e-17
150,0.19261345863342286,0.01064469892220146,0.0012677669525146484,0.00023214397723401176,0.001,"(50, 50)",20,"{'NN__alpha': 0.001, 'NN__hidden_layer_sizes': (50, 50), 'km__n_clusters': 20}",0.5000000000000002,0.5,0.5,0.5,0.4791666666666668,0.49588888888888893,0.00829137585568562,264,0.5,0.4999999999999999,0.5,0.5,0.4923469387755102,0.498469387755102,0.0030612244897958996
151,0.20485587120056153,0.005206579751980657,0.001518583297729492,0.0005430542956783957,0.001,"(50, 50)",25,"{'NN__alpha': 0.001, 'NN__hidden_layer_sizes': (50, 50), 'km__n_clusters': 25}",0.5000000000000002,0.5,0.5667189952904238,0.5,0.5000000000000002,0.5133437990580848,0.026687598116169477,13,0.5,0.4999999999999999,0.536996336996337,0.5,0.5,0.5073992673992673,0.014798534798534801
152,0.23622002601623535,0.004308833749328664,0.001168203353881836,9.820280388288908e-05,0.001,"(50, 50)",30,"{'NN__alpha': 0.001, 'NN__hidden_layer_sizes': (50, 50), 'km__n_clusters': 30}",0.5000000000000002,0.5,0.5,0.5,0.5000000000000002,0.5,1.4043333874306804e-16,33,0.5,0.4999999999999999,0.5,0.5,0.5,0.5,4.965068306494546e-17
153,0.2906197547912598,0.007952027730714887,0.001199054718017578,0.00017147977813127384,0.001,"(50, 50)",35,"{'NN__alpha': 0.001, 'NN__hidden_layer_sizes': (50, 50), 'km__n_clusters': 35}",0.5102040816326531,0.5,0.5,0.4839089481946625,0.48958333333333337,0.49679426129426124,0.009166350664598671,253,0.4951923076923077,0.4999999999999999,0.5,0.5315018315018315,0.4897959183673469,0.5032980115122971,0.014596014357247326
154,0.08136143684387206,0.0072209661634194565,0.0011705398559570313,0.00017749564917351316,0.001,"(50,)",2,"{'NN__alpha': 0.001, 'NN__hidden_layer_sizes': (50,), 'km__n_clusters': 2}",0.4999999999999999,0.5,0.5,0.5,0.5000000000000001,0.5,7.021666937153402e-17,33,0.5,0.4999999999999999,0.5,0.5,0.4999999999999999,0.5,7.021666937153402e-17
155,0.08987903594970703,0.010518573726764284,0.001053190231323242,8.262235472469109e-05,0.001,"(50,)",3,"{'NN__alpha': 0.001, 'NN__hidden_layer_sizes': (50,), 'km__n_clusters': 3}",0.4999999999999999,0.5,0.5,0.5,0.5000000000000001,0.5,7.021666937153402e-17,33,0.5,0.4999999999999999,0.5,0.5,0.4999999999999999,0.5,7.021666937153402e-17
156,0.09387383460998536,0.004698458081706327,0.0010705947875976562,0.00015813422793140619,0.001,"(50,)",4,"{'NN__alpha': 0.001, 'NN__hidden_layer_sizes': (50,), 'km__n_clusters': 4}",0.5000000000000002,0.5,0.5,0.5,0.5000000000000002,0.5,1.4043333874306804e-16,33,0.5,0.4999999999999999,0.5,0.5,0.5,0.5,4.965068306494546e-17
157,0.09235997200012207,0.007302415555650356,0.0012174129486083984,0.0003213647344236447,0.001,"(50,)",5,"{'NN__alpha': 0.001, 'NN__hidden_layer_sizes': (50,), 'km__n_clusters': 5}",0.5000000000000002,0.5,0.5,0.5,0.5000000000000002,0.5,1.4043333874306804e-16,33,0.5,0.4999999999999999,0.5,0.5,0.5,0.5,4.965068306494546e-17
158,0.1264826774597168,0.012368448786498731,0.0011002540588378907,0.0001266602286165438,0.001,"(50,)",6,"{'NN__alpha': 0.001, 'NN__hidden_layer_sizes': (50,), 'km__n_clusters': 6}",0.5000000000000002,0.5,0.5090266875981161,0.467032967032967,0.5000000000000002,0.49521193092621674,0.014516737404574242,272,0.5,0.4999999999999999,0.5043956043956045,0.4992673992673992,0.5047619047619047,0.5016849816849817,0.0023806705947651604
159,0.11893353462219239,0.009320871872539223,0.0013324737548828125,0.0004559735073717809,0.001,"(50,)",7,"{'NN__alpha': 0.001, 'NN__hidden_layer_sizes': (50,), 'km__n_clusters': 7}",0.5000000000000002,0.5,0.5090266875981161,0.5,0.5000000000000002,0.5018053375196233,0.0036106750392463915,29,0.5,0.4999999999999999,0.5018315018315019,0.5021978021978022,0.5022108843537415,0.5012480376766091,0.0010280810156693704
160,0.11079845428466797,0.011799762835830894,0.0011829853057861329,0.0001782527637485136,0.001,"(50,)",8,"{'NN__alpha': 0.001, 'NN__hidden_layer_sizes': (50,), 'km__n_clusters': 8}",0.5000000000000002,0.5,0.5,0.5,0.5000000000000002,0.5,1.4043333874306804e-16,33,0.5,0.4999999999999999,0.5,0.5,0.5,0.5,4.965068306494546e-17
161,0.12609734535217285,0.001995888434041222,0.0012120246887207032,0.00033912525267923194,0.001,"(50,)",9,"{'NN__alpha': 0.001, 'NN__hidden_layer_sizes': (50,), 'km__n_clusters': 9}",0.5166288737717311,0.5,0.5156985871271585,0.498822605965463,0.4871794871794873,0.5037444425063472,0.011136498760691487,21,0.5125000000000001,0.4999999999999999,0.476923076923077,0.46813186813186813,0.598469387755102,0.5112048665620094,0.04641734020593016
162,0.1250607490539551,0.012734485286020373,0.001058197021484375,6.886535660700666e-05,0.001,"(50,)",10,"{'NN__alpha': 0.001, 'NN__hidden_layer_sizes': (50,), 'km__n_clusters': 10}",0.5000000000000002,0.5,0.5,0.5,0.5000000000000002,0.5,1.4043333874306804e-16,33,0.5,0.4999999999999999,0.5,0.5,0.5,0.5,4.965068306494546e-17
163,0.12989583015441894,0.005375257386657419,0.001105022430419922,0.00011490107450868503,0.001,"(50,)",15,"{'NN__alpha': 0.001, 'NN__hidden_layer_sizes': (50,), 'km__n_clusters': 15}",0.5000000000000002,0.5,0.5,0.5,0.5000000000000002,0.5,1.4043333874306804e-16,33,0.5,0.4999999999999999,0.5,0.5,0.5,0.5,4.965068306494546e-17
164,0.1603623390197754,0.004946652336803607,0.0012943267822265625,0.00044846549685616157,0.001,"(50,)",20,"{'NN__alpha': 0.001, 'NN__hidden_layer_sizes': (50,), 'km__n_clusters': 20}",0.5000000000000002,0.5,0.5,0.5,0.5000000000000002,0.5,1.4043333874306804e-16,33,0.5,0.4999999999999999,0.5,0.5,0.5,0.5,4.965068306494546e-17
165,0.18608307838439941,0.0061101348717159006,0.0010942459106445313,0.0001109234951030908,0.001,"(50,)",25,"{'NN__alpha': 0.001, 'NN__hidden_layer_sizes': (50,), 'km__n_clusters': 25}",0.5000000000000002,0.5282574568288853,0.48979591836734687,0.5,0.5000000000000002,0.5036106750392466,0.012941578552919839,24,0.5,0.49377289377289374,0.5,0.5,0.5,0.49875457875457874,0.0024908424908425043
166,0.20419664382934571,0.009156979084574463,0.001056814193725586,8.827769130680315e-05,0.001,"(50,)",30,"{'NN__alpha': 0.001, 'NN__hidden_layer_sizes': (50,), 'km__n_clusters': 30}",0.5000000000000002,0.5,0.5,0.5,0.5000000000000002,0.5,1.4043333874306804e-16,33,0.5,0.4999999999999999,0.5,0.5,0.5,0.5,4.965068306494546e-17
167,0.2515662670135498,0.01756196428146839,0.001074361801147461,1.4707469952244144e-05,0.001,"(50,)",35,"{'NN__alpha': 0.001, 'NN__hidden_layer_sizes': (50,), 'km__n_clusters': 35}",0.4897959183673471,0.5,0.48979591836734687,0.5,0.5000000000000002,0.4958911564625851,0.0050044359978547726,260,0.5118589743589744,0.5018315018315018,0.5047619047619049,0.5,0.5,0.5036904761904762,0.00443998504963024
168,0.07223873138427735,0.006559218949186061,0.0009915828704833984,3.9848582624641744e-05,0.001,"(25,)",2,"{'NN__alpha': 0.001, 'NN__hidden_layer_sizes': (25,), 'km__n_clusters': 2}",0.4999999999999999,0.5,0.5,0.5,0.5000000000000001,0.5,7.021666937153402e-17,33,0.5,0.4999999999999999,0.5,0.5,0.4999999999999999,0.5,7.021666937153402e-17
169,0.07943582534790039,0.00690931659122029,0.0009645938873291016,2.064512168928428e-05,0.001,"(25,)",3,"{'NN__alpha': 0.001, 'NN__hidden_layer_sizes': (25,), 'km__n_clusters': 3}",0.5000000000000002,0.5,0.5,0.5,0.5000000000000002,0.5,1.4043333874306804e-16,33,0.5,0.4999999999999999,0.5,0.5,0.5,0.5,4.965068306494546e-17
170,0.07830696105957032,0.005178283036197017,0.0010095596313476562,1.782797144812265e-05,0.001,"(25,)",4,"{'NN__alpha': 0.001, 'NN__hidden_layer_sizes': (25,), 'km__n_clusters': 4}",0.4999999999999999,0.5,0.5,0.5,0.5000000000000001,0.5,7.021666937153402e-17,33,0.5,0.4999999999999999,0.5,0.5,0.4999999999999999,0.5,7.021666937153402e-17
171,0.08196501731872559,0.00686594457251825,0.001010751724243164,3.063195372274045e-05,0.001,"(25,)",5,"{'NN__alpha': 0.001, 'NN__hidden_layer_sizes': (25,), 'km__n_clusters': 5}",0.5000000000000002,0.5,0.5,0.5,0.5000000000000002,0.5,1.4043333874306804e-16,33,0.5,0.4999999999999999,0.5,0.5,0.5,0.5,4.965068306494546e-17
172,0.09368133544921875,0.006638802059748089,0.001000833511352539,1.699936172530667e-05,0.001,"(25,)",6,"{'NN__alpha': 0.001, 'NN__hidden_layer_sizes': (25,), 'km__n_clusters': 6}",0.4999999999999999,0.5,0.5,0.5,0.5000000000000001,0.5,7.021666937153402e-17,33,0.5,0.4999999999999999,0.5,0.5,0.4999999999999999,0.5,7.021666937153402e-17
173,0.09610977172851562,0.004699638922289938,0.0010104656219482421,2.2054118075489564e-05,0.001,"(25,)",7,"{'NN__alpha': 0.001, 'NN__hidden_layer_sizes': (25,), 'km__n_clusters': 7}",0.5000000000000002,0.5,0.5,0.5,0.5000000000000002,0.5,1.4043333874306804e-16,33,0.5,0.4999999999999999,0.5,0.5,0.5,0.5,4.965068306494546e-17
174,0.10027680397033692,0.004936030143295769,0.001055145263671875,4.2684410547026943e-05,0.001,"(25,)",8,"{'NN__alpha': 0.001, 'NN__hidden_layer_sizes': (25,), 'km__n_clusters': 8}",0.4999999999999999,0.5,0.5,0.5,0.5000000000000001,0.5,7.021666937153402e-17,33,0.5,0.4999999999999999,0.5,0.5,0.4999999999999999,0.5,7.021666937153402e-17
175,0.10631484985351562,0.004166784611605086,0.0011255741119384766,0.000189906886182111,0.001,"(25,)",9,"{'NN__alpha': 0.001, 'NN__hidden_layer_sizes': (25,), 'km__n_clusters': 9}",0.48979591836734704,0.6401098901098901,0.5,0.5,0.5000000000000002,0.5259539508110936,0.05721582837899694,9,0.49647435897435893,0.5498168498168498,0.5,0.5,0.5,0.5092582417582416,0.02032522308879286
176,0.11027421951293945,0.01106146213764441,0.0010436534881591796,2.5558916486598806e-05,0.001,"(25,)",10,"{'NN__alpha': 0.001, 'NN__hidden_layer_sizes': (25,), 'km__n_clusters': 10}",0.5000000000000002,0.5,0.5,0.5,0.5000000000000002,0.5,1.4043333874306804e-16,33,0.5,0.4999999999999999,0.5,0.5,0.5,0.5,4.965068306494546e-17
177,0.12602081298828124,0.005218868397262283,0.0012676239013671875,0.0005207593247953301,0.001,"(25,)",15,"{'NN__alpha': 0.001, 'NN__hidden_layer_sizes': (25,), 'km__n_clusters': 15}",0.5506424792139079,0.6624803767660911,0.5,0.5,0.5280448717948719,0.548293805841425,0.06018853473425941,5,0.5227564102564103,0.6659340659340659,0.5069597069597069,0.5377289377289377,0.5355442176870748,0.5537846677132391,0.05713723429455868
178,0.1417473793029785,0.0025601066477931094,0.001029825210571289,2.1117803675272143e-05,0.001,"(25,)",20,"{'NN__alpha': 0.001, 'NN__hidden_layer_sizes': (25,), 'km__n_clusters': 20}",0.5000000000000002,0.48861852433281,0.5,0.5,0.5000000000000002,0.497723704866562,0.004552590266876044,249,0.5,0.4736263736263736,0.5,0.5,0.5,0.4947252747252747,0.010549450549450556
179,0.1613758087158203,0.00474744421948733,0.0010676383972167969,4.3524811908730594e-05,0.001,"(25,)",25,"{'NN__alpha': 0.001, 'NN__hidden_layer_sizes': (25,), 'km__n_clusters': 25}",0.4999999999999999,0.5,0.5,0.5,0.5000000000000001,0.5,7.021666937153402e-17,33,0.5,0.4999999999999999,0.5,0.5,0.4999999999999999,0.5,7.021666937153402e-17
180,0.1849362373352051,0.006005878054424541,0.0011137962341308595,0.00013924270446003854,0.001,"(25,)",30,"{'NN__alpha': 0.001, 'NN__hidden_layer_sizes': (25,), 'km__n_clusters': 30}",0.5000000000000002,0.5,0.5,0.5,0.5000000000000002,0.5,1.4043333874306804e-16,33,0.5,0.4999999999999999,0.5,0.5,0.5,0.5,4.965068306494546e-17
181,0.2166132926940918,0.008299584382704466,0.0010956287384033202,8.751470191525117e-05,0.001,"(25,)",35,"{'NN__alpha': 0.001, 'NN__hidden_layer_sizes': (25,), 'km__n_clusters': 35}",0.5000000000000002,0.5,0.5,0.5,0.5000000000000002,0.5,1.4043333874306804e-16,33,0.5,0.4999999999999999,0.5,0.5,0.5,0.5,4.965068306494546e-17
182,0.08805298805236816,0.010100658913071783,0.0010420799255371094,4.4177978399668135e-05,0.001,"(25, 25)",2,"{'NN__alpha': 0.001, 'NN__hidden_layer_sizes': (25, 25), 'km__n_clusters': 2}",0.5000000000000002,0.5,0.5,0.5,0.5000000000000002,0.5,1.4043333874306804e-16,33,0.5,0.4999999999999999,0.5,0.5,0.5,0.5,4.965068306494546e-17
183,0.08717093467712403,0.006225358890794652,0.0010636329650878906,3.083385548512874e-05,0.001,"(25, 25)",3,"{'NN__alpha': 0.001, 'NN__hidden_layer_sizes': (25, 25), 'km__n_clusters': 3}",0.5000000000000002,0.5,0.5,0.5,0.5000000000000002,0.5,1.4043333874306804e-16,33,0.5,0.4999999999999999,0.5,0.5,0.5,0.5,4.965068306494546e-17
184,0.08489699363708496,0.004569156802718327,0.001390552520751953,0.00041954867938745276,0.001,"(25, 25)",4,"{'NN__alpha': 0.001, 'NN__hidden_layer_sizes': (25, 25), 'km__n_clusters': 4}",0.5000000000000002,0.5,0.5,0.5,0.5000000000000002,0.5,1.4043333874306804e-16,33,0.5,0.4999999999999999,0.5,0.5,0.5,0.5,4.965068306494546e-17
185,0.10663456916809082,0.00688022982475865,0.001050281524658203,4.9440080710865055e-05,0.001,"(25, 25)",5,"{'NN__alpha': 0.001, 'NN__hidden_layer_sizes': (25, 25), 'km__n_clusters': 5}",0.41912320483749066,0.5,0.4811616954474097,0.5,0.5512820512820513,0.48996096672287154,0.042600528122705934,279,0.4423076923076923,0.5065934065934066,0.44652014652014654,0.5,0.5540816326530612,0.4899005756148613,0.04158557738317809
186,0.10166621208190918,0.007837735236513297,0.0010871410369873047,1.857915691406336e-05,0.001,"(25, 25)",6,"{'NN__alpha': 0.001, 'NN__hidden_layer_sizes': (25, 25), 'km__n_clusters': 6}",0.5000000000000002,0.5,0.5,0.5,0.5000000000000002,0.5,1.4043333874306804e-16,33,0.5,0.4999999999999999,0.5,0.5,0.5,0.5,4.965068306494546e-17
187,0.10814394950866699,0.005676031597579837,0.0010648250579833984,2.565339595029017e-05,0.001,"(25, 25)",7,"{'NN__alpha': 0.001, 'NN__hidden_layer_sizes': (25, 25), 'km__n_clusters': 7}",0.5083144368858656,0.5,0.5,0.5282574568288854,0.7716346153846154,0.56093911467721,0.1049782990799308,1,0.5048076923076923,0.4999999999999999,0.5043956043956045,0.510989010989011,0.6517006802721088,0.5343785975928832,0.05876538120117709
188,0.11892662048339844,0.005096183857370687,0.0010680198669433595,3.925085292221347e-05,0.001,"(25, 25)",8,"{'NN__alpha': 0.001, 'NN__hidden_layer_sizes': (25, 25), 'km__n_clusters': 8}",0.5000000000000002,0.5361067503924647,0.5,0.5,0.5000000000000002,0.507221350078493,0.014442700156985832,18,0.5,0.5516483516483516,0.5,0.49743589743589745,0.5,0.5098168498168498,0.02093931301794831
189,0.10767440795898438,0.003680708249285772,0.0010714530944824219,2.0041347201983937e-05,0.001,"(25, 25)",9,"{'NN__alpha': 0.001, 'NN__hidden_layer_sizes': (25, 25), 'km__n_clusters': 9}",0.5000000000000002,0.5,0.5,0.5,0.5000000000000002,0.5,1.4043333874306804e-16,33,0.5,0.4999999999999999,0.5,0.5,0.5,0.5,4.965068306494546e-17
190,0.1172680377960205,0.0075071457788584844,0.001091146469116211,5.127819979987831e-05,0.001,"(25, 25)",10,"{'NN__alpha': 0.001, 'NN__hidden_layer_sizes': (25, 25), 'km__n_clusters': 10}",0.5000000000000002,0.5,0.5,0.5,0.5000000000000002,0.5,1.4043333874306804e-16,33,0.5,0.4999999999999999,0.5,0.5,0.5,0.5,4.965068306494546e-17
191,0.1263795852661133,0.0026765257349881904,0.0010740280151367188,2.435578528421668e-05,0.001,"(25, 25)",15,"{'NN__alpha': 0.001, 'NN__hidden_layer_sizes': (25, 25), 'km__n_clusters': 15}",0.5000000000000002,0.5,0.5,0.5,0.5000000000000002,0.5,1.4043333874306804e-16,33,0.5,0.4999999999999999,0.5,0.5,0.5,0.5,4.965068306494546e-17
192,0.14972715377807616,0.002828629015902582,0.0012479782104492187,0.0003477209749016829,0.001,"(25, 25)",20,"{'NN__alpha': 0.001, 'NN__hidden_layer_sizes': (25, 25), 'km__n_clusters': 20}",0.5000000000000002,0.5,0.5,0.5,0.5000000000000002,0.5,1.4043333874306804e-16,33,0.5,0.4999999999999999,0.5,0.5,0.5,0.5,4.965068306494546e-17
193,0.17416644096374512,0.0052694346344063,0.0012000560760498046,0.00017627855214500716,0.001,"(25, 25)",25,"{'NN__alpha': 0.001, 'NN__hidden_layer_sizes': (25, 25), 'km__n_clusters': 25}",0.5000000000000002,0.5,0.5,0.5,0.5000000000000002,0.5,1.4043333874306804e-16,33,0.5,0.4999999999999999,0.5,0.5,0.5,0.5,4.965068306494546e-17
194,0.2069272518157959,0.006610991669940716,0.0012838363647460938,0.00033170313824943857,0.001,"(25, 25)",30,"{'NN__alpha': 0.001, 'NN__hidden_layer_sizes': (25, 25), 'km__n_clusters': 30}",0.5000000000000002,0.5,0.5,0.5,0.5000000000000002,0.5,1.4043333874306804e-16,33,0.5,0.4999999999999999,0.5,0.5,0.5,0.5,4.965068306494546e-17
195,0.24552950859069825,0.013179654525535664,0.0011075496673583984,1.9584950740957066e-05,0.001,"(25, 25)",35,"{'NN__alpha': 0.001, 'NN__hidden_layer_sizes': (25, 25), 'km__n_clusters': 35}",0.5000000000000002,0.5,0.5,0.5,0.5000000000000002,0.5,1.4043333874306804e-16,33,0.5,0.4999999999999999,0.5,0.5,0.5,0.5,4.965068306494546e-17
196,0.13348021507263183,0.009816205344677113,0.0014088153839111328,0.0002294027837262139,0.001,"(100, 25, 100)",2,"{'NN__alpha': 0.001, 'NN__hidden_layer_sizes': (100, 25, 100), 'km__n_clusters': 2}",0.5000000000000002,0.5,0.5,0.5,0.5000000000000002,0.5,1.4043333874306804e-16,33,0.5,0.4999999999999999,0.5,0.5,0.5,0.5,4.965068306494546e-17
197,0.13821887969970703,0.008347171427113107,0.0013964176177978516,0.00025610102095391244,0.001,"(100, 25, 100)",3,"{'NN__alpha': 0.001, 'NN__hidden_layer_sizes': (100, 25, 100), 'km__n_clusters': 3}",0.5000000000000002,0.5,0.5,0.5,0.5000000000000002,0.5,1.4043333874306804e-16,33,0.5,0.4999999999999999,0.5,0.5,0.5,0.5,4.965068306494546e-17
198,0.14746055603027344,0.0035645030658663693,0.0012024402618408202,2.802593917911811e-05,0.001,"(100, 25, 100)",4,"{'NN__alpha': 0.001, 'NN__hidden_layer_sizes': (100, 25, 100), 'km__n_clusters': 4}",0.5000000000000002,0.5,0.5,0.5,0.5000000000000002,0.5,1.4043333874306804e-16,33,0.5,0.4999999999999999,0.5,0.5,0.5,0.5,4.965068306494546e-17
199,0.15490236282348632,0.012919044288886268,0.0012454986572265625,6.115480705384421e-05,0.001,"(100, 25, 100)",5,"{'NN__alpha': 0.001, 'NN__hidden_layer_sizes': (100, 25, 100), 'km__n_clusters': 5}",0.5000000000000002,0.5,0.5,0.5,0.5000000000000002,0.5,1.4043333874306804e-16,33,0.5,0.4999999999999999,0.5,0.5,0.5,0.5,4.965068306494546e-17
200,0.1697683334350586,0.008650580172749374,0.0012825489044189452,0.00014220756707792413,0.001,"(100, 25, 100)",6,"{'NN__alpha': 0.001, 'NN__hidden_layer_sizes': (100, 25, 100), 'km__n_clusters': 6}",0.5000000000000002,0.5,0.5,0.5,0.5000000000000002,0.5,1.4043333874306804e-16,33,0.5,0.4999999999999999,0.5,0.5,0.5,0.5,4.965068306494546e-17
201,0.17151322364807128,0.015505941017685099,0.0016385555267333985,0.0004890410278860845,0.001,"(100, 25, 100)",7,"{'NN__alpha': 0.001, 'NN__hidden_layer_sizes': (100, 25, 100), 'km__n_clusters': 7}",0.5000000000000002,0.5,0.5,0.5,0.5000000000000002,0.5,1.4043333874306804e-16,33,0.5,0.4999999999999999,0.5,0.5,0.5,0.5,4.965068306494546e-17
202,0.18987774848937988,0.007348010023080338,0.0014422416687011718,0.0002079764172492816,0.001,"(100, 25, 100)",8,"{'NN__alpha': 0.001, 'NN__hidden_layer_sizes': (100, 25, 100), 'km__n_clusters': 8}",0.5000000000000002,0.5,0.5,0.5,0.5000000000000002,0.5,1.4043333874306804e-16,33,0.5,0.4999999999999999,0.5,0.5,0.5,0.5,4.965068306494546e-17
203,0.22000927925109864,0.00927775768105386,0.001310110092163086,0.00016657014680450264,0.001,"(100, 25, 100)",9,"{'NN__alpha': 0.001, 'NN__hidden_layer_sizes': (100, 25, 100), 'km__n_clusters': 9}",0.5000000000000002,0.5,0.5,0.5,0.5000000000000002,0.5,1.4043333874306804e-16,33,0.5,0.4999999999999999,0.5,0.5,0.5,0.5,4.965068306494546e-17
204,0.19949698448181152,0.0222070965274132,0.001306629180908203,7.92994100525585e-05,0.001,"(100, 25, 100)",10,"{'NN__alpha': 0.001, 'NN__hidden_layer_sizes': (100, 25, 100), 'km__n_clusters': 10}",0.5000000000000002,0.5,0.5,0.5,0.5000000000000002,0.5,1.4043333874306804e-16,33,0.5,0.4999999999999999,0.5,0.5,0.5,0.5,4.965068306494546e-17
205,0.2406013011932373,0.007424408426132208,0.001376771926879883,0.00011253706474048132,0.001,"(100, 25, 100)",15,"{'NN__alpha': 0.001, 'NN__hidden_layer_sizes': (100, 25, 100), 'km__n_clusters': 15}",0.5000000000000002,0.5,0.5,0.5,0.5000000000000002,0.5,1.4043333874306804e-16,33,0.5,0.4999999999999999,0.5,0.5,0.5,0.5,4.965068306494546e-17
206,0.25123958587646483,0.02291574896120346,0.0014877796173095703,0.0002601678507187737,0.001,"(100, 25, 100)",20,"{'NN__alpha': 0.001, 'NN__hidden_layer_sizes': (100, 25, 100), 'km__n_clusters': 20}",0.5000000000000002,0.5,0.5,0.5,0.5000000000000002,0.5,1.4043333874306804e-16,33,0.5,0.4999999999999999,0.5,0.5,0.5,0.5,4.965068306494546e-17
207,0.27625732421875,0.02797195967916682,0.0015214443206787109,0.0004993182172807473,0.001,"(100, 25, 100)",25,"{'NN__alpha': 0.001, 'NN__hidden_layer_sizes': (100, 25, 100), 'km__n_clusters': 25}",0.5000000000000002,0.5,0.5,0.5,0.5000000000000002,0.5,1.4043333874306804e-16,33,0.5,0.4999999999999999,0.5,0.5,0.5,0.5,4.965068306494546e-17
208,0.2851727485656738,0.016004371781442324,0.001441049575805664,0.0002603676463517959,0.001,"(100, 25, 100)",30,"{'NN__alpha': 0.001, 'NN__hidden_layer_sizes': (100, 25, 100), 'km__n_clusters': 30}",0.5000000000000002,0.5,0.5,0.5,0.5000000000000002,0.5,1.4043333874306804e-16,33,0.5,0.4999999999999999,0.5,0.5,0.5,0.5,4.965068306494546e-17
209,0.33330960273742677,0.01618399810740146,0.0018396377563476562,0.0005151307594869315,0.001,"(100, 25, 100)",35,"{'NN__alpha': 0.001, 'NN__hidden_layer_sizes': (100, 25, 100), 'km__n_clusters': 35}",0.5000000000000002,0.48979591836734687,0.5,0.5,0.5000000000000002,0.4979591836734694,0.004081632653061296,245,0.5048076923076923,0.5021978021978022,0.5,0.5,0.5047619047619046,0.5023534798534799,0.002141291184490365
210,0.12671594619750975,0.014688563884141744,0.0017372608184814454,0.0008628205139458546,0.0001,"(50, 50)",2,"{'NN__alpha': 0.0001, 'NN__hidden_layer_sizes': (50, 50), 'km__n_clusters': 2}",0.5000000000000002,0.5,0.5,0.5,0.5000000000000002,0.5,1.4043333874306804e-16,33,0.5,0.4999999999999999,0.5,0.5,0.5,0.5,4.965068306494546e-17
211,0.12206459045410156,0.006089892819652291,0.0010921001434326173,2.4260469931667295e-05,0.0001,"(50, 50)",3,"{'NN__alpha': 0.0001, 'NN__hidden_layer_sizes': (50, 50), 'km__n_clusters': 3}",0.5000000000000002,0.5,0.5,0.5,0.5000000000000002,0.5,1.4043333874306804e-16,33,0.5,0.4999999999999999,0.5,0.5,0.5,0.5,4.965068306494546e-17
212,0.11842389106750488,0.0072916498280371075,0.001404571533203125,0.00036551259929226075,0.0001,"(50, 50)",4,"{'NN__alpha': 0.0001, 'NN__hidden_layer_sizes': (50, 50), 'km__n_clusters': 4}",0.5000000000000002,0.5,0.5,0.5,0.5000000000000002,0.5,1.4043333874306804e-16,33,0.5,0.4999999999999999,0.5,0.5,0.5,0.5,4.965068306494546e-17
213,0.12470245361328125,0.012096141154156349,0.0014523506164550782,0.0003707945530315199,0.0001,"(50, 50)",5,"{'NN__alpha': 0.0001, 'NN__hidden_layer_sizes': (50, 50), 'km__n_clusters': 5}",0.5000000000000002,0.5,0.5,0.5,0.5000000000000002,0.5,1.4043333874306804e-16,33,0.5,0.4999999999999999,0.5,0.5,0.5,0.5,4.965068306494546e-17
214,0.13937087059020997,0.009185684371949797,0.0016273975372314454,0.0003739739138012229,0.0001,"(50, 50)",6,"{'NN__alpha': 0.0001, 'NN__hidden_layer_sizes': (50, 50), 'km__n_clusters': 6}",0.5000000000000002,0.5,0.5,0.5,0.5000000000000002,0.5,1.4043333874306804e-16,33,0.5,0.4999999999999999,0.5,0.5,0.5,0.5,4.965068306494546e-17
215,0.13576388359069824,0.005913864301797526,0.0013400554656982423,0.0003072462255951163,0.0001,"(50, 50)",7,"{'NN__alpha': 0.0001, 'NN__hidden_layer_sizes': (50, 50), 'km__n_clusters': 7}",0.5000000000000002,0.5,0.5,0.5,0.5000000000000002,0.5,1.4043333874306804e-16,33,0.5,0.4999999999999999,0.5,0.5,0.5,0.5,4.965068306494546e-17
216,0.1454857349395752,0.01011883940487762,0.0015213489532470703,0.0005945827632421036,0.0001,"(50, 50)",8,"{'NN__alpha': 0.0001, 'NN__hidden_layer_sizes': (50, 50), 'km__n_clusters': 8}",0.5000000000000002,0.5,0.5,0.5,0.5000000000000002,0.5,1.4043333874306804e-16,33,0.5,0.4999999999999999,0.5,0.5,0.5,0.5,4.965068306494546e-17
217,0.16103782653808593,0.011558135565616776,0.0012431621551513671,0.000184891134733754,0.0001,"(50, 50)",9,"{'NN__alpha': 0.0001, 'NN__hidden_layer_sizes': (50, 50), 'km__n_clusters': 9}",0.4999999999999999,0.5,0.5,0.5,0.4791666666666668,0.49588888888888893,0.008291375855685587,264,0.5,0.5069597069597069,0.5,0.5,0.49744897959183676,0.5008817373103087,0.0031955569988941224
218,0.19369268417358398,0.012771701412712364,0.0014922142028808594,0.00038790227738222025,0.0001,"(50, 50)",10,"{'NN__alpha': 0.0001, 'NN__hidden_layer_sizes': (50, 50), 'km__n_clusters': 10}",0.4841269841269842,0.5,0.5,0.5,0.5000000000000002,0.49678306878306877,0.006380733015436621,256,0.44038461538461543,0.4999999999999999,0.5,0.5,0.5,0.488076923076923,0.023846153846153816
219,0.21700444221496581,0.05470291410104731,0.0016578197479248046,0.0005155037889506175,0.0001,"(50, 50)",15,"{'NN__alpha': 0.0001, 'NN__hidden_layer_sizes': (50, 50), 'km__n_clusters': 15}",0.5000000000000002,0.5,0.5,0.5,0.5000000000000002,0.5,1.4043333874306804e-16,33,0.5,0.4999999999999999,0.5,0.5,0.5,0.5,4.965068306494546e-17
220,0.23362627029418945,0.0458967558002303,0.0013753890991210938,0.0003114664182085431,0.0001,"(50, 50)",20,"{'NN__alpha': 0.0001, 'NN__hidden_layer_sizes': (50, 50), 'km__n_clusters': 20}",0.5000000000000002,0.5,0.5,0.5,0.4791666666666668,0.49588888888888893,0.00829137585568562,264,0.5,0.4999999999999999,0.5,0.5,0.4923469387755102,0.498469387755102,0.0030612244897958996
221,0.26437788009643554,0.051592911603533236,0.002615833282470703,0.0029515930121974143,0.0001,"(50, 50)",25,"{'NN__alpha': 0.0001, 'NN__hidden_layer_sizes': (50, 50), 'km__n_clusters': 25}",0.5000000000000002,0.5,0.5667189952904238,0.5,0.5000000000000002,0.5133437990580848,0.026687598116169477,13,0.5,0.4999999999999999,0.536996336996337,0.5,0.5,0.5073992673992673,0.014798534798534801
222,0.2920214653015137,0.044827080360568136,0.001252460479736328,3.896357771706718e-05,0.0001,"(50, 50)",30,"{'NN__alpha': 0.0001, 'NN__hidden_layer_sizes': (50, 50), 'km__n_clusters': 30}",0.5000000000000002,0.5,0.5,0.5,0.5000000000000002,0.5,1.4043333874306804e-16,33,0.5,0.4999999999999999,0.5,0.5,0.5,0.5,4.965068306494546e-17
223,0.3624943733215332,0.06023182818216187,0.0011806964874267578,8.598993680927762e-05,0.0001,"(50, 50)",35,"{'NN__alpha': 0.0001, 'NN__hidden_layer_sizes': (50, 50), 'km__n_clusters': 35}",0.5102040816326531,0.5,0.5,0.4839089481946625,0.48958333333333337,0.49679426129426124,0.009166350664598671,253,0.4951923076923077,0.4999999999999999,0.5,0.5315018315018315,0.4897959183673469,0.5032980115122971,0.014596014357247326
224,0.10760703086853027,0.03460713104690998,0.0012461185455322266,0.00019050432816713458,0.0001,"(50,)",2,"{'NN__alpha': 0.0001, 'NN__hidden_layer_sizes': (50,), 'km__n_clusters': 2}",0.4999999999999999,0.5,0.5,0.5,0.5000000000000001,0.5,7.021666937153402e-17,33,0.5,0.4999999999999999,0.5,0.5,0.4999999999999999,0.5,7.021666937153402e-17
225,0.0941199779510498,0.010690699526920377,0.0012756824493408204,0.0003571664567476076,0.0001,"(50,)",3,"{'NN__alpha': 0.0001, 'NN__hidden_layer_sizes': (50,), 'km__n_clusters': 3}",0.4999999999999999,0.5,0.5,0.5,0.5000000000000001,0.5,7.021666937153402e-17,33,0.5,0.4999999999999999,0.5,0.5,0.4999999999999999,0.5,7.021666937153402e-17
226,0.10328631401062012,0.008389234836779036,0.0010825634002685548,0.0002825667396200581,0.0001,"(50,)",4,"{'NN__alpha': 0.0001, 'NN__hidden_layer_sizes': (50,), 'km__n_clusters': 4}",0.5000000000000002,0.5,0.5,0.5,0.5000000000000002,0.5,1.4043333874306804e-16,33,0.5,0.4999999999999999,0.5,0.5,0.5,0.5,4.965068306494546e-17
227,0.10419836044311523,0.011049215325523819,0.0010874271392822266,5.324736163111249e-05,0.0001,"(50,)",5,"{'NN__alpha': 0.0001, 'NN__hidden_layer_sizes': (50,), 'km__n_clusters': 5}",0.5000000000000002,0.5,0.5,0.5,0.5000000000000002,0.5,1.4043333874306804e-16,33,0.5,0.4999999999999999,0.5,0.5,0.5,0.5,4.965068306494546e-17
228,0.1436159610748291,0.017268677647221092,0.0011114120483398438,0.00010058456860925599,0.0001,"(50,)",6,"{'NN__alpha': 0.0001, 'NN__hidden_layer_sizes': (50,), 'km__n_clusters': 6}",0.5000000000000002,0.5,0.5090266875981161,0.467032967032967,0.5000000000000002,0.49521193092621674,0.014516737404574242,272,0.5,0.4999999999999999,0.5043956043956045,0.4992673992673992,0.5047619047619047,0.5016849816849817,0.0023806705947651604
229,0.13223004341125488,0.010617109785498884,0.0010664939880371093,6.919125698747567e-05,0.0001,"(50,)",7,"{'NN__alpha': 0.0001, 'NN__hidden_layer_sizes': (50,), 'km__n_clusters': 7}",0.5000000000000002,0.5,0.5090266875981161,0.5,0.5000000000000002,0.5018053375196233,0.0036106750392463915,29,0.5,0.4999999999999999,0.5018315018315019,0.5021978021978022,0.5022108843537415,0.5012480376766091,0.0010280810156693704
230,0.12154960632324219,0.012269077865199126,0.0015913486480712891,0.0006444228754394279,0.0001,"(50,)",8,"{'NN__alpha': 0.0001, 'NN__hidden_layer_sizes': (50,), 'km__n_clusters': 8}",0.5000000000000002,0.5,0.5,0.5,0.5000000000000002,0.5,1.4043333874306804e-16,33,0.5,0.4999999999999999,0.5,0.5,0.5,0.5,4.965068306494546e-17
231,0.14185543060302735,0.01339503753559402,0.0011463642120361328,4.372453739236524e-05,0.0001,"(50,)",9,"{'NN__alpha': 0.0001, 'NN__hidden_layer_sizes': (50,), 'km__n_clusters': 9}",0.5166288737717311,0.5,0.5156985871271585,0.498822605965463,0.4871794871794873,0.5037444425063472,0.011136498760691487,21,0.5125000000000001,0.4999999999999999,0.476923076923077,0.46813186813186813,0.598469387755102,0.5112048665620094,0.04641734020593016
232,0.13425612449645996,0.015668976533646278,0.0011034488677978515,0.00011842790097529609,0.0001,"(50,)",10,"{'NN__alpha': 0.0001, 'NN__hidden_layer_sizes': (50,), 'km__n_clusters': 10}",0.5000000000000002,0.5,0.5,0.5,0.5000000000000002,0.5,1.4043333874306804e-16,33,0.5,0.4999999999999999,0.5,0.5,0.5,0.5,4.965068306494546e-17
233,0.1450960636138916,0.0070419907777236465,0.0011022567749023437,9.157985047274857e-05,0.0001,"(50,)",15,"{'NN__alpha': 0.0001, 'NN__hidden_layer_sizes': (50,), 'km__n_clusters': 15}",0.5000000000000002,0.5,0.5,0.5,0.5000000000000002,0.5,1.4043333874306804e-16,33,0.5,0.4999999999999999,0.5,0.5,0.5,0.5,4.965068306494546e-17
234,0.1645504951477051,0.0038306197441767653,0.0017961978912353516,0.0008414337643673529,0.0001,"(50,)",20,"{'NN__alpha': 0.0001, 'NN__hidden_layer_sizes': (50,), 'km__n_clusters': 20}",0.5000000000000002,0.5,0.5,0.5,0.5000000000000002,0.5,1.4043333874306804e-16,33,0.5,0.4999999999999999,0.5,0.5,0.5,0.5,4.965068306494546e-17
235,0.19474916458129882,0.008155959385397845,0.0013249874114990234,0.0003371753815142571,0.0001,"(50,)",25,"{'NN__alpha': 0.0001, 'NN__hidden_layer_sizes': (50,), 'km__n_clusters': 25}",0.5000000000000002,0.5282574568288853,0.48979591836734687,0.5,0.5000000000000002,0.5036106750392466,0.012941578552919839,24,0.5,0.49377289377289374,0.5,0.5,0.5,0.49875457875457874,0.0024908424908425043
236,0.2181628704071045,0.007216962639402955,0.0011401176452636719,7.433079191312855e-05,0.0001,"(50,)",30,"{'NN__alpha': 0.0001, 'NN__hidden_layer_sizes': (50,), 'km__n_clusters': 30}",0.5000000000000002,0.5,0.5,0.5,0.5000000000000002,0.5,1.4043333874306804e-16,33,0.5,0.4999999999999999,0.5,0.5,0.5,0.5,4.965068306494546e-17
237,0.26906814575195315,0.011461717567132577,0.001068258285522461,4.638588937532439e-05,0.0001,"(50,)",35,"{'NN__alpha': 0.0001, 'NN__hidden_layer_sizes': (50,), 'km__n_clusters': 35}",0.4897959183673471,0.5,0.48979591836734687,0.5,0.5000000000000002,0.4958911564625851,0.0050044359978547726,260,0.5118589743589744,0.49706959706959697,0.5047619047619049,0.5,0.5,0.5027380952380953,0.005184832561971125
238,0.07218942642211915,0.0077521039343677505,0.0010259628295898437,1.5646072795727412e-05,0.0001,"(25,)",2,"{'NN__alpha': 0.0001, 'NN__hidden_layer_sizes': (25,), 'km__n_clusters': 2}",0.4999999999999999,0.5,0.5,0.5,0.5000000000000001,0.5,7.021666937153402e-17,33,0.5,0.4999999999999999,0.5,0.5,0.4999999999999999,0.5,7.021666937153402e-17
239,0.08279566764831543,0.006912041604872457,0.0010773658752441407,7.24265886045488e-05,0.0001,"(25,)",3,"{'NN__alpha': 0.0001, 'NN__hidden_layer_sizes': (25,), 'km__n_clusters': 3}",0.5000000000000002,0.5,0.5,0.5,0.5000000000000002,0.5,1.4043333874306804e-16,33,0.5,0.4999999999999999,0.5,0.5,0.5,0.5,4.965068306494546e-17
240,0.08418431282043456,0.007151311468013178,0.0010395050048828125,3.677957238307652e-05,0.0001,"(25,)",4,"{'NN__alpha': 0.0001, 'NN__hidden_layer_sizes': (25,), 'km__n_clusters': 4}",0.4999999999999999,0.5,0.5,0.5,0.5000000000000001,0.5,7.021666937153402e-17,33,0.5,0.4999999999999999,0.5,0.5,0.4999999999999999,0.5,7.021666937153402e-17
241,0.0861579418182373,0.009088978142223501,0.0010395526885986328,2.6645940289020657e-05,0.0001,"(25,)",5,"{'NN__alpha': 0.0001, 'NN__hidden_layer_sizes': (25,), 'km__n_clusters': 5}",0.5000000000000002,0.5,0.5,0.5,0.5000000000000002,0.5,1.4043333874306804e-16,33,0.5,0.4999999999999999,0.5,0.5,0.5,0.5,4.965068306494546e-17
242,0.09777474403381348,0.009242447894650282,0.0010453224182128905,6.378516474331271e-05,0.0001,"(25,)",6,"{'NN__alpha': 0.0001, 'NN__hidden_layer_sizes': (25,), 'km__n_clusters': 6}",0.4999999999999999,0.5,0.5,0.5,0.5000000000000001,0.5,7.021666937153402e-17,33,0.5,0.4999999999999999,0.5,0.5,0.4999999999999999,0.5,7.021666937153402e-17
243,0.09876751899719238,0.004788921202719851,0.0010653495788574218,2.0814146781516572e-05,0.0001,"(25,)",7,"{'NN__alpha': 0.0001, 'NN__hidden_layer_sizes': (25,), 'km__n_clusters': 7}",0.5000000000000002,0.5,0.5,0.5,0.5000000000000002,0.5,1.4043333874306804e-16,33,0.5,0.4999999999999999,0.5,0.5,0.5,0.5,4.965068306494546e-17
244,0.0995509147644043,0.007126847921008157,0.0010203838348388672,3.19425378786811e-05,0.0001,"(25,)",8,"{'NN__alpha': 0.0001, 'NN__hidden_layer_sizes': (25,), 'km__n_clusters': 8}",0.4999999999999999,0.5,0.5,0.5,0.5000000000000001,0.5,7.021666937153402e-17,33,0.5,0.4999999999999999,0.5,0.5,0.4999999999999999,0.5,7.021666937153402e-17
245,0.10784211158752441,0.004692369963196379,0.0010348320007324218,1.4735425514767766e-05,0.0001,"(25,)",9,"{'NN__alpha': 0.0001, 'NN__hidden_layer_sizes': (25,), 'km__n_clusters': 9}",0.48979591836734704,0.6401098901098901,0.5,0.5,0.5000000000000002,0.5259539508110936,0.05721582837899694,9,0.49647435897435893,0.5498168498168498,0.5,0.5,0.5,0.5092582417582416,0.02032522308879286
246,0.11588087081909179,0.0116303602527817,0.001055908203125,1.6244967918294972e-05,0.0001,"(25,)",10,"{'NN__alpha': 0.0001, 'NN__hidden_layer_sizes': (25,), 'km__n_clusters': 10}",0.5000000000000002,0.5,0.5,0.5,0.5000000000000002,0.5,1.4043333874306804e-16,33,0.5,0.4999999999999999,0.5,0.5,0.5,0.5,4.965068306494546e-17
247,0.1292013168334961,0.007205519311980867,0.0010625839233398438,1.9287105225309094e-05,0.0001,"(25,)",15,"{'NN__alpha': 0.0001, 'NN__hidden_layer_sizes': (25,), 'km__n_clusters': 15}",0.5506424792139079,0.6624803767660911,0.5,0.5,0.5280448717948719,0.548293805841425,0.06018853473425941,5,0.5227564102564103,0.6659340659340659,0.5069597069597069,0.5377289377289377,0.5355442176870748,0.5537846677132391,0.05713723429455868
248,0.14363365173339843,0.004517080409088703,0.0010806083679199218,2.736339079235411e-05,0.0001,"(25,)",20,"{'NN__alpha': 0.0001, 'NN__hidden_layer_sizes': (25,), 'km__n_clusters': 20}",0.5000000000000002,0.48861852433281,0.5,0.5,0.5000000000000002,0.497723704866562,0.004552590266876044,249,0.5,0.4736263736263736,0.5,0.5,0.5,0.4947252747252747,0.010549450549450556
249,0.16782898902893068,0.004672619011636403,0.0010667800903320312,2.0469370145653487e-05,0.0001,"(25,)",25,"{'NN__alpha': 0.0001, 'NN__hidden_layer_sizes': (25,), 'km__n_clusters': 25}",0.4999999999999999,0.5,0.5,0.5,0.5000000000000001,0.5,7.021666937153402e-17,33,0.5,0.4999999999999999,0.5,0.5,0.4999999999999999,0.5,7.021666937153402e-17
250,0.19131035804748536,0.0015522251683217168,0.0011806488037109375,9.929977830208893e-05,0.0001,"(25,)",30,"{'NN__alpha': 0.0001, 'NN__hidden_layer_sizes': (25,), 'km__n_clusters': 30}",0.5000000000000002,0.5,0.5,0.5,0.5000000000000002,0.5,1.4043333874306804e-16,33,0.5,0.4999999999999999,0.5,0.5,0.5,0.5,4.965068306494546e-17
251,0.21836605072021484,0.005764581406293354,0.0010782241821289062,1.6196748185342123e-05,0.0001,"(25,)",35,"{'NN__alpha': 0.0001, 'NN__hidden_layer_sizes': (25,), 'km__n_clusters': 35}",0.5000000000000002,0.5,0.5,0.5,0.5000000000000002,0.5,1.4043333874306804e-16,33,0.5,0.4999999999999999,0.5,0.5,0.5,0.5,4.965068306494546e-17
252,0.09160466194152832,0.00998811534996926,0.0010849475860595704,3.836142342584108e-05,0.0001,"(25, 25)",2,"{'NN__alpha': 0.0001, 'NN__hidden_layer_sizes': (25, 25), 'km__n_clusters': 2}",0.5000000000000002,0.5,0.5,0.5,0.5000000000000002,0.5,1.4043333874306804e-16,33,0.5,0.4999999999999999,0.5,0.5,0.5,0.5,4.965068306494546e-17
253,0.08751864433288574,0.006819801293465409,0.0011098384857177734,1.681079240275107e-05,0.0001,"(25, 25)",3,"{'NN__alpha': 0.0001, 'NN__hidden_layer_sizes': (25, 25), 'km__n_clusters': 3}",0.5000000000000002,0.5,0.5,0.5,0.5000000000000002,0.5,1.4043333874306804e-16,33,0.5,0.4999999999999999,0.5,0.5,0.5,0.5,4.965068306494546e-17
254,0.09025330543518066,0.005076671717939167,0.0011454582214355468,0.00014039867485031074,0.0001,"(25, 25)",4,"{'NN__alpha': 0.0001, 'NN__hidden_layer_sizes': (25, 25), 'km__n_clusters': 4}",0.5000000000000002,0.5,0.5,0.5,0.5000000000000002,0.5,1.4043333874306804e-16,33,0.5,0.4999999999999999,0.5,0.5,0.5,0.5,4.965068306494546e-17
255,0.10739717483520508,0.007885457266845355,0.001224851608276367,0.0002574348209468991,0.0001,"(25, 25)",5,"{'NN__alpha': 0.0001, 'NN__hidden_layer_sizes': (25, 25), 'km__n_clusters': 5}",0.41912320483749066,0.5,0.4811616954474097,0.5,0.5512820512820513,0.48996096672287154,0.042600528122705934,279,0.4423076923076923,0.5065934065934066,0.44652014652014654,0.5,0.5540816326530612,0.4899005756148613,0.04158557738317809
256,0.10514845848083496,0.006719946588847921,0.00111083984375,2.6930283513931873e-05,0.0001,"(25, 25)",6,"{'NN__alpha': 0.0001, 'NN__hidden_layer_sizes': (25, 25), 'km__n_clusters': 6}",0.5000000000000002,0.5,0.5,0.5,0.5000000000000002,0.5,1.4043333874306804e-16,33,0.5,0.4999999999999999,0.5,0.5,0.5,0.5,4.965068306494546e-17
257,0.11308221817016602,0.007680884582215639,0.001090860366821289,1.3257959629526144e-05,0.0001,"(25, 25)",7,"{'NN__alpha': 0.0001, 'NN__hidden_layer_sizes': (25, 25), 'km__n_clusters': 7}",0.5083144368858656,0.5,0.5,0.5282574568288854,0.7716346153846154,0.56093911467721,0.1049782990799308,1,0.5048076923076923,0.4999999999999999,0.5043956043956045,0.510989010989011,0.6517006802721088,0.5343785975928832,0.05876538120117709
258,0.127915620803833,0.007062586547782397,0.001149129867553711,9.336252375553947e-05,0.0001,"(25, 25)",8,"{'NN__alpha': 0.0001, 'NN__hidden_layer_sizes': (25, 25), 'km__n_clusters': 8}",0.5000000000000002,0.5361067503924647,0.5,0.5,0.5000000000000002,0.507221350078493,0.014442700156985832,18,0.5,0.5516483516483516,0.5,0.49743589743589745,0.5,0.5098168498168498,0.02093931301794831
259,0.113316011428833,0.004222020287864579,0.0011016845703125,1.542875872416629e-05,0.0001,"(25, 25)",9,"{'NN__alpha': 0.0001, 'NN__hidden_layer_sizes': (25, 25), 'km__n_clusters': 9}",0.5000000000000002,0.5,0.5,0.5,0.5000000000000002,0.5,1.4043333874306804e-16,33,0.5,0.4999999999999999,0.5,0.5,0.5,0.5,4.965068306494546e-17
260,0.12101736068725585,0.010773552782174572,0.0015162944793701172,0.0008314455771683134,0.0001,"(25, 25)",10,"{'NN__alpha': 0.0001, 'NN__hidden_layer_sizes': (25, 25), 'km__n_clusters': 10}",0.5000000000000002,0.5,0.5,0.5,0.5000000000000002,0.5,1.4043333874306804e-16,33,0.5,0.4999999999999999,0.5,0.5,0.5,0.5,4.965068306494546e-17
261,0.13150606155395508,0.004740246945054484,0.0011298179626464844,6.128561517592145e-05,0.0001,"(25, 25)",15,"{'NN__alpha': 0.0001, 'NN__hidden_layer_sizes': (25, 25), 'km__n_clusters': 15}",0.5000000000000002,0.5,0.5,0.5,0.5000000000000002,0.5,1.4043333874306804e-16,33,0.5,0.4999999999999999,0.5,0.5,0.5,0.5,4.965068306494546e-17
262,0.15180473327636718,0.00605898757887915,0.0011271953582763672,7.4359142910442e-05,0.0001,"(25, 25)",20,"{'NN__alpha': 0.0001, 'NN__hidden_layer_sizes': (25, 25), 'km__n_clusters': 20}",0.5000000000000002,0.5,0.5,0.5,0.5000000000000002,0.5,1.4043333874306804e-16,33,0.5,0.4999999999999999,0.5,0.5,0.5,0.5,4.965068306494546e-17
263,0.18867139816284179,0.017410162962871734,0.0011641979217529297,0.00012315070848547364,0.0001,"(25, 25)",25,"{'NN__alpha': 0.0001, 'NN__hidden_layer_sizes': (25, 25), 'km__n_clusters': 25}",0.5000000000000002,0.5,0.5,0.5,0.5000000000000002,0.5,1.4043333874306804e-16,33,0.5,0.4999999999999999,0.5,0.5,0.5,0.5,4.965068306494546e-17
264,0.21267776489257811,0.019720581818839206,0.0016973495483398437,0.0008582317054460511,0.0001,"(25, 25)",30,"{'NN__alpha': 0.0001, 'NN__hidden_layer_sizes': (25, 25), 'km__n_clusters': 30}",0.5000000000000002,0.5,0.5,0.5,0.5000000000000002,0.5,1.4043333874306804e-16,33,0.5,0.4999999999999999,0.5,0.5,0.5,0.5,4.965068306494546e-17
265,0.2712974548339844,0.01805661367977283,0.0014214515686035156,0.00036058068368264624,0.0001,"(25, 25)",35,"{'NN__alpha': 0.0001, 'NN__hidden_layer_sizes': (25, 25), 'km__n_clusters': 35}",0.5000000000000002,0.5,0.5,0.5,0.5000000000000002,0.5,1.4043333874306804e-16,33,0.5,0.4999999999999999,0.5,0.5,0.5,0.5,4.965068306494546e-17
266,0.16431050300598143,0.016835202341379592,0.0014714717864990235,0.0004464235042150465,0.0001,"(100, 25, 100)",2,"{'NN__alpha': 0.0001, 'NN__hidden_layer_sizes': (100, 25, 100), 'km__n_clusters': 2}",0.5000000000000002,0.5,0.5,0.5,0.5000000000000002,0.5,1.4043333874306804e-16,33,0.5,0.4999999999999999,0.5,0.5,0.5,0.5,4.965068306494546e-17
267,0.16504592895507814,0.009138457990582348,0.001296234130859375,0.00012653037295339822,0.0001,"(100, 25, 100)",3,"{'NN__alpha': 0.0001, 'NN__hidden_layer_sizes': (100, 25, 100), 'km__n_clusters': 3}",0.5000000000000002,0.5,0.5,0.5,0.5000000000000002,0.5,1.4043333874306804e-16,33,0.5,0.4999999999999999,0.5,0.5,0.5,0.5,4.965068306494546e-17
268,0.16726317405700683,0.012077891553464159,0.0013544082641601563,0.000170547754060203,0.0001,"(100, 25, 100)",4,"{'NN__alpha': 0.0001, 'NN__hidden_layer_sizes': (100, 25, 100), 'km__n_clusters': 4}",0.5000000000000002,0.5,0.5,0.5,0.5000000000000002,0.5,1.4043333874306804e-16,33,0.5,0.4999999999999999,0.5,0.5,0.5,0.5,4.965068306494546e-17
269,0.16641273498535156,0.008836120859017504,0.0013879776000976563,0.00020659910737508088,0.0001,"(100, 25, 100)",5,"{'NN__alpha': 0.0001, 'NN__hidden_layer_sizes': (100, 25, 100), 'km__n_clusters': 5}",0.5000000000000002,0.5,0.5,0.5,0.5000000000000002,0.5,1.4043333874306804e-16,33,0.5,0.4999999999999999,0.5,0.5,0.5,0.5,4.965068306494546e-17
270,0.17382307052612306,0.011374072197502383,0.0014592647552490235,0.00015666503518731563,0.0001,"(100, 25, 100)",6,"{'NN__alpha': 0.0001, 'NN__hidden_layer_sizes': (100, 25, 100), 'km__n_clusters': 6}",0.5000000000000002,0.5,0.5,0.5,0.5000000000000002,0.5,1.4043333874306804e-16,33,0.5,0.4999999999999999,0.5,0.5,0.5,0.5,4.965068306494546e-17
271,0.18047280311584474,0.012682279079755348,0.0012834548950195312,6.463446329914215e-05,0.0001,"(100, 25, 100)",7,"{'NN__alpha': 0.0001, 'NN__hidden_layer_sizes': (100, 25, 100), 'km__n_clusters': 7}",0.5000000000000002,0.5,0.5,0.5,0.5000000000000002,0.5,1.4043333874306804e-16,33,0.5,0.4999999999999999,0.5,0.5,0.5,0.5,4.965068306494546e-17
272,0.18692965507507325,0.011541498526558239,0.0014016151428222657,0.00015580652502537052,0.0001,"(100, 25, 100)",8,"{'NN__alpha': 0.0001, 'NN__hidden_layer_sizes': (100, 25, 100), 'km__n_clusters': 8}",0.5000000000000002,0.5,0.5,0.5,0.5000000000000002,0.5,1.4043333874306804e-16,33,0.5,0.4999999999999999,0.5,0.5,0.5,0.5,4.965068306494546e-17
273,0.2104513168334961,0.007499410443732843,0.0013532638549804688,8.353324196734326e-05,0.0001,"(100, 25, 100)",9,"{'NN__alpha': 0.0001, 'NN__hidden_layer_sizes': (100, 25, 100), 'km__n_clusters': 9}",0.5000000000000002,0.5,0.5,0.5,0.5000000000000002,0.5,1.4043333874306804e-16,33,0.5,0.4999999999999999,0.5,0.5,0.5,0.5,4.965068306494546e-17
274,0.1971804141998291,0.015419826451989468,0.001431417465209961,0.00014077315120912626,0.0001,"(100, 25, 100)",10,"{'NN__alpha': 0.0001, 'NN__hidden_layer_sizes': (100, 25, 100), 'km__n_clusters': 10}",0.5000000000000002,0.5,0.5,0.5,0.5000000000000002,0.5,1.4043333874306804e-16,33,0.5,0.4999999999999999,0.5,0.5,0.5,0.5,4.965068306494546e-17
275,0.22128663063049317,0.00899612458505775,0.0016707420349121095,0.0008026783543413345,0.0001,"(100, 25, 100)",15,"{'NN__alpha': 0.0001, 'NN__hidden_layer_sizes': (100, 25, 100), 'km__n_clusters': 15}",0.5000000000000002,0.5,0.5,0.5,0.5000000000000002,0.5,1.4043333874306804e-16,33,0.5,0.4999999999999999,0.5,0.5,0.5,0.5,4.965068306494546e-17
276,0.2444777011871338,0.010134401082644571,0.0012157440185546875,7.047443490012003e-05,0.0001,"(100, 25, 100)",20,"{'NN__alpha': 0.0001, 'NN__hidden_layer_sizes': (100, 25, 100), 'km__n_clusters': 20}",0.5000000000000002,0.5,0.5,0.5,0.5000000000000002,0.5,1.4043333874306804e-16,33,0.5,0.4999999999999999,0.5,0.5,0.5,0.5,4.965068306494546e-17
277,0.23456783294677735,0.030911986487406718,0.0011544227600097656,5.2050003051308255e-05,0.0001,"(100, 25, 100)",25,"{'NN__alpha': 0.0001, 'NN__hidden_layer_sizes': (100, 25, 100), 'km__n_clusters': 25}",0.5000000000000002,0.5,0.5,0.5,0.5000000000000002,0.5,1.4043333874306804e-16,33,0.5,0.4999999999999999,0.5,0.5,0.5,0.5,4.965068306494546e-17
278,0.2284170627593994,0.03517462624036559,0.0011089801788330077,4.432703459662919e-05,0.0001,"(100, 25, 100)",30,"{'NN__alpha': 0.0001, 'NN__hidden_layer_sizes': (100, 25, 100), 'km__n_clusters': 30}",0.5000000000000002,0.5,0.5,0.5,0.5000000000000002,0.5,1.4043333874306804e-16,33,0.5,0.4999999999999999,0.5,0.5,0.5,0.5,4.965068306494546e-17
279,0.23151278495788574,0.05557280700617259,0.0010777950286865235,0.00020867919517421135,0.0001,"(100, 25, 100)",35,"{'NN__alpha': 0.0001, 'NN__hidden_layer_sizes': (100, 25, 100), 'km__n_clusters': 35}",0.5000000000000002,0.48979591836734687,0.5,0.5,0.5000000000000002,0.4979591836734694,0.004081632653061296,245,0.5048076923076923,0.5021978021978022,0.5,0.5,0.5047619047619046,0.5023534798534799,0.002141291184490365
